[
  {
    "id": 776,
    "fiscalYear": "FY_25-26",
    "sno": 1,
    "projectName": "AGEL Merchant",
    "spv": "ARE56L",
    "projectType": "Merchant",
    "plotLocation": "S-08",
    "capacity": 250,
    "planActual": "Rephase",
    "apr": 75,
    "may": 50,
    "jun": 50,
    "jul": 75,
    "aug": 0,
    "sep": 0,
    "oct": 0,
    "nov": 0,
    "dec": 0,
    "jan": 0,
    "feb": 0,
    "mar": 0,
    "totalCapacity": 250,
    "cummTillOct": 250,
    "q1": 125,
    "q2": 125,
    "q3": 0,
    "q4": 0,
    "category": "Khavda Solar",
    "section": "A",
    "includedInTotal": true,
    "isDeleted": false,
    "createdAt": "2026-01-08T12:26:16.229Z",
    "updatedAt": "2026-01-08T12:26:16.229Z"
  },
  {
    "id": 775,
    "fiscalYear": "FY_25-26",
    "sno": 1,
    "projectName": "AGEL Merchant",
    "spv": "ARE56L",
    "projectType": "Merchant",
    "plotLocation": "S-08",
    "capacity": 250,
    "planActual": "Plan",
    "apr": 100,
    "may": 0,
    "jun": 0,
    "jul": 0,
    "aug": 0,
    "sep": 0,
    "oct": 0,
    "nov": 0,
    "dec": 0,
    "jan": 0,
    "feb": 0,
    "mar": 150,
    "totalCapacity": 250,
    "cummTillOct": 250,
    "q1": 250,
    "q2": 0,
    "q3": 0,
    "q4": 0,
    "category": "Khavda Solar",
    "section": "A",
    "includedInTotal": true,
    "isDeleted": false,
    "createdAt": "2026-01-08T12:26:16.229Z",
    "updatedAt": "2026-01-08T12:26:16.229Z"
  },
  {
    "id": 777,
    "fiscalYear": "FY_25-26",
    "sno": 1,
    "projectName": "AGEL Merchant",
    "spv": "ARE56L",
    "projectType": "Merchant",
    "plotLocation": "S-08",
    "capacity": 250,
    "planActual": "Actual",
    "apr": 75,
    "may": 50,
    "jun": 0,
    "jul": 125,
    "aug": 0,
    "sep": 0,
    "oct": 0,
    "nov": 0,
    "dec": 0,
    "jan": 0,
    "feb": 0,
    "mar": 0,
    "totalCapacity": 250,
    "cummTillOct": 250,
    "q1": 125,
    "q2": 125,
    "q3": 0,
    "q4": 0,
    "category": "Khavda Solar",
    "section": "A",
    "includedInTotal": true,
    "isDeleted": false,
    "createdAt": "2026-01-08T12:26:16.229Z",
    "updatedAt": "2026-01-08T12:26:16.229Z"
  },
  {
    "id": 778,
    "fiscalYear": "FY_25-26",
    "sno": 3,
    "projectName": "MLP AP New",
    "spv": "ARE57L",
    "projectType": "PPA",
    "plotLocation": "A-11",
    "capacity": 187.5,
    "planActual": "Plan",
    "apr": 0,
    "may": 0,
    "jun": 0,
    "jul": 0,
    "aug": 0,
    "sep": 0,
    "oct": 0,
    "nov": 0,
    "dec": 0,
    "jan": 0,
    "feb": 0,
    "mar": 187.5,
    "totalCapacity": 187.5,
    "cummTillOct": 187.5,
    "q1": 187.5,
    "q2": 0,
    "q3": 0,
    "q4": 0,
    "category": "Khavda Solar",
    "section": "A",
    "includedInTotal": true,
    "isDeleted": false,
    "createdAt": "2026-01-08T12:26:16.229Z",
    "updatedAt": "2026-01-08T12:26:16.229Z"
  },
  {
    "id": 779,
    "fiscalYear": "FY_25-26",
    "sno": 3,
    "projectName": "MLP AP New",
    "spv": "ARE57L",
    "projectType": "PPA",
    "plotLocation": "A-11",
    "capacity": 0,
    "planActual": "Rephase",
    "apr": 112.5,
    "may": 0,
    "jun": 0,
    "jul": 0,
    "aug": 0,
    "sep": 0,
    "oct": 0,
    "nov": 0,
    "dec": 0,
    "jan": 0,
    "feb": 0,
    "mar": 75,
    "totalCapacity": 187.5,
    "cummTillOct": 187.5,
    "q1": 187.5,
    "q2": 0,
    "q3": 0,
    "q4": 0,
    "category": "Khavda Solar",
    "section": "A",
    "includedInTotal": true,
    "isDeleted": false,
    "createdAt": "2026-01-08T12:26:16.229Z",
    "updatedAt": "2026-01-08T12:26:16.229Z"
  },
  {
    "id": 780,
    "fiscalYear": "FY_25-26",
    "sno": 3,
    "projectName": "MLP AP New",
    "spv": "ARE57L",
    "projectType": "PPA",
    "plotLocation": "A-11",
    "capacity": 0,
    "planActual": "Actual",
    "apr": 112.5,
    "may": 0,
    "jun": 0,
    "jul": 0,
    "aug": 0,
    "sep": 0,
    "oct": 0,
    "nov": 0,
    "dec": 0,
    "jan": 0,
    "feb": 0,
    "mar": 75,
    "totalCapacity": 187.5,
    "cummTillOct": 187.5,
    "q1": 187.5,
    "q2": 0,
    "q3": 0,
    "q4": 0,
    "category": "Khavda Solar",
    "section": "A",
    "includedInTotal": true,
    "isDeleted": false,
    "createdAt": "2026-01-08T12:26:16.229Z",
    "updatedAt": "2026-01-08T12:26:16.229Z"
  },
  {
    "id": 781,
    "fiscalYear": "FY_25-26",
    "sno": 5,
    "projectName": "SECI H-3",
    "spv": "AHEJ5L",
    "projectType": "PPA",
    "plotLocation": "A-13",
    "capacity": 570,
    "planActual": "Plan",
    "apr": 0,
    "may": 275,
    "jun": 0,
    "jul": 0,
    "aug": 0,
    "sep": 0,
    "oct": 0,
    "nov": 0,
    "dec": 0,
    "jan": 0,
    "feb": 0,
    "mar": 295,
    "totalCapacity": 570,
    "cummTillOct": 570,
    "q1": 570,
    "q2": 0,
    "q3": 0,
    "q4": 0,
    "category": "Khavda Solar",
    "section": "A",
    "includedInTotal": true,
    "isDeleted": false,
    "createdAt": "2026-01-08T12:26:16.229Z",
    "updatedAt": "2026-01-08T12:26:16.229Z"
  },
  {
    "id": 782,
    "fiscalYear": "FY_25-26",
    "sno": 5,
    "projectName": "SECI H-3",
    "spv": "AHEJ5L",
    "projectType": "PPA",
    "plotLocation": "A-13",
    "capacity": 0,
    "planActual": "Rephase",
    "apr": 0,
    "may": 150,
    "jun": 75,
    "jul": 0,
    "aug": 50,
    "sep": 50,
    "oct": 100,
    "nov": 0,
    "dec": 0,
    "jan": 0,
    "feb": 0,
    "mar": 145,
    "totalCapacity": 570,
    "cummTillOct": 570,
    "q1": 295,
    "q2": 125,
    "q3": 150,
    "q4": 0,
    "category": "Khavda Solar",
    "section": "A",
    "includedInTotal": true,
    "isDeleted": false,
    "createdAt": "2026-01-08T12:26:16.229Z",
    "updatedAt": "2026-01-08T12:26:16.229Z"
  },
  {
    "id": 783,
    "fiscalYear": "FY_25-26",
    "sno": 5,
    "projectName": "SECI H-3",
    "spv": "AHEJ5L",
    "projectType": "PPA",
    "plotLocation": "A-13",
    "capacity": 0,
    "planActual": "Actual",
    "apr": 0,
    "may": 150,
    "jun": 0,
    "jul": 50,
    "aug": 75,
    "sep": 75,
    "oct": 0,
    "nov": 75,
    "dec": 0,
    "jan": 0,
    "feb": 0,
    "mar": 145,
    "totalCapacity": 570,
    "cummTillOct": 495,
    "q1": 295,
    "q2": 125,
    "q3": 150,
    "q4": 0,
    "category": "Khavda Solar",
    "section": "A",
    "includedInTotal": true,
    "isDeleted": false,
    "createdAt": "2026-01-08T12:26:16.229Z",
    "updatedAt": "2026-01-08T12:26:16.229Z"
  },
  {
    "id": 784,
    "fiscalYear": "FY_25-26",
    "sno": 6,
    "projectName": "AGEL Merchant",
    "spv": "ARE45L",
    "projectType": "Merchant",
    "plotLocation": "A-14",
    "capacity": 250,
    "planActual": "Plan",
    "apr": 100,
    "may": 0,
    "jun": 0,
    "jul": 0,
    "aug": 0,
    "sep": 0,
    "oct": 0,
    "nov": 0,
    "dec": 0,
    "jan": 0,
    "feb": 0,
    "mar": 150,
    "totalCapacity": 250,
    "cummTillOct": 250,
    "q1": 250,
    "q2": 0,
    "q3": 0,
    "q4": 0,
    "category": "Khavda Solar",
    "section": "A",
    "includedInTotal": true,
    "isDeleted": false,
    "createdAt": "2026-01-08T12:26:16.229Z",
    "updatedAt": "2026-01-08T12:26:16.229Z"
  },
  {
    "id": 785,
    "fiscalYear": "FY_25-26",
    "sno": 6,
    "projectName": "AGEL Merchant",
    "spv": "ARE45L",
    "projectType": "Merchant",
    "plotLocation": "A-14",
    "capacity": 0,
    "planActual": "Rephase",
    "apr": 0,
    "may": 125,
    "jun": 0,
    "jul": 75,
    "aug": 0,
    "sep": 0,
    "oct": 0,
    "nov": 0,
    "dec": 0,
    "jan": 0,
    "feb": 0,
    "mar": 50,
    "totalCapacity": 250,
    "cummTillOct": 250,
    "q1": 175,
    "q2": 75,
    "q3": 0,
    "q4": 0,
    "category": "Khavda Solar",
    "section": "A",
    "includedInTotal": true,
    "isDeleted": false,
    "createdAt": "2026-01-08T12:26:16.229Z",
    "updatedAt": "2026-01-08T12:26:16.229Z"
  },
  {
    "id": 786,
    "fiscalYear": "FY_25-26",
    "sno": 6,
    "projectName": "AGEL Merchant",
    "spv": "ARE45L",
    "projectType": "Merchant",
    "plotLocation": "A-14",
    "capacity": 0,
    "planActual": "Actual",
    "apr": 0,
    "may": 125,
    "jun": 0,
    "jul": 0,
    "aug": 75,
    "sep": 0,
    "oct": 0,
    "nov": 0,
    "dec": 0,
    "jan": 0,
    "feb": 0,
    "mar": 50,
    "totalCapacity": 250,
    "cummTillOct": 250,
    "q1": 175,
    "q2": 75,
    "q3": 0,
    "q4": 0,
    "category": "Khavda Solar",
    "section": "A",
    "includedInTotal": true,
    "isDeleted": false,
    "createdAt": "2026-01-08T12:26:16.229Z",
    "updatedAt": "2026-01-08T12:26:16.229Z"
  },
  {
    "id": 787,
    "fiscalYear": "FY_25-26",
    "sno": 7,
    "projectName": "MLP T3 AP",
    "spv": "ARE56L",
    "projectType": "PPA",
    "plotLocation": "S-06",
    "capacity": 500,
    "planActual": "Plan",
    "apr": 0,
    "may": 100,
    "jun": 300,
    "jul": 0,
    "aug": 0,
    "sep": 0,
    "oct": 0,
    "nov": 0,
    "dec": 0,
    "jan": 0,
    "feb": 0,
    "mar": 100,
    "totalCapacity": 500,
    "cummTillOct": 500,
    "q1": 200,
    "q2": 300,
    "q3": 0,
    "q4": 0,
    "category": "Khavda Solar",
    "section": "A",
    "includedInTotal": true,
    "isDeleted": false,
    "createdAt": "2026-01-08T12:26:16.229Z",
    "updatedAt": "2026-01-08T12:26:16.229Z"
  },
  {
    "id": 788,
    "fiscalYear": "FY_25-26",
    "sno": 7,
    "projectName": "MLP T3 AP",
    "spv": "ARE56L",
    "projectType": "PPA",
    "plotLocation": "S-06",
    "capacity": 0,
    "planActual": "Rephase",
    "apr": 0,
    "may": 137.5,
    "jun": 112.5,
    "jul": 0,
    "aug": 50,
    "sep": 50,
    "oct": 50,
    "nov": 0,
    "dec": 0,
    "jan": 0,
    "feb": 0,
    "mar": 100,
    "totalCapacity": 500,
    "cummTillOct": 500,
    "q1": 237.5,
    "q2": 162.5,
    "q3": 100,
    "q4": 0,
    "category": "Khavda Solar",
    "section": "A",
    "includedInTotal": true,
    "isDeleted": false,
    "createdAt": "2026-01-08T12:26:16.229Z",
    "updatedAt": "2026-01-08T12:26:16.229Z"
  },
  {
    "id": 789,
    "fiscalYear": "FY_25-26",
    "sno": 7,
    "projectName": "MLP T3 AP",
    "spv": "ARE56L",
    "projectType": "PPA",
    "plotLocation": "S-06",
    "capacity": 0,
    "planActual": "Actual",
    "apr": 0,
    "may": 137.5,
    "jun": 0,
    "jul": 87.5,
    "aug": 100,
    "sep": 0,
    "oct": 75,
    "nov": 0,
    "dec": 0,
    "jan": 0,
    "feb": 0,
    "mar": 100,
    "totalCapacity": 500,
    "cummTillOct": 500,
    "q1": 237.5,
    "q2": 187.5,
    "q3": 75,
    "q4": 0,
    "category": "Khavda Solar",
    "section": "A",
    "includedInTotal": true,
    "isDeleted": false,
    "createdAt": "2026-01-08T12:26:16.229Z",
    "updatedAt": "2026-01-08T12:26:16.229Z"
  },
  {
    "id": 790,
    "fiscalYear": "FY_25-26",
    "sno": 8,
    "projectName": "Google Hybrid",
    "spv": "ARE3L",
    "projectType": "Merchant",
    "plotLocation": "A-6",
    "capacity": 25,
    "planActual": "Plan",
    "apr": 0,
    "may": 25,
    "jun": 0,
    "jul": 0,
    "aug": 0,
    "sep": 0,
    "oct": 0,
    "nov": 0,
    "dec": 0,
    "jan": 0,
    "feb": 0,
    "mar": 0,
    "totalCapacity": 25,
    "cummTillOct": 25,
    "q1": 25,
    "q2": 0,
    "q3": 0,
    "q4": 0,
    "category": "Khavda Solar",
    "section": "A",
    "includedInTotal": true,
    "isDeleted": false,
    "createdAt": "2026-01-08T12:26:16.229Z",
    "updatedAt": "2026-01-08T12:26:16.229Z"
  },
  {
    "id": 791,
    "fiscalYear": "FY_25-26",
    "sno": 8,
    "projectName": "Google Hybrid",
    "spv": "ARE3L",
    "projectType": "Merchant",
    "plotLocation": "A-6",
    "capacity": 0,
    "planActual": "Rephase",
    "apr": 0,
    "may": 0,
    "jun": 25,
    "jul": 0,
    "aug": 0,
    "sep": 0,
    "oct": 0,
    "nov": 0,
    "dec": 0,
    "jan": 0,
    "feb": 0,
    "mar": 0,
    "totalCapacity": 25,
    "cummTillOct": 25,
    "q1": 0,
    "q2": 25,
    "q3": 0,
    "q4": 0,
    "category": "Khavda Solar",
    "section": "A",
    "includedInTotal": true,
    "isDeleted": false,
    "createdAt": "2026-01-08T12:26:16.229Z",
    "updatedAt": "2026-01-08T12:26:16.229Z"
  },
  {
    "id": 792,
    "fiscalYear": "FY_25-26",
    "sno": 8,
    "projectName": "Google Hybrid",
    "spv": "ARE3L",
    "projectType": "Merchant",
    "plotLocation": "A-6",
    "capacity": 0,
    "planActual": "Actual",
    "apr": 0,
    "may": 0,
    "jun": 25,
    "jul": 0,
    "aug": 0,
    "sep": 0,
    "oct": 0,
    "nov": 0,
    "dec": 0,
    "jan": 0,
    "feb": 0,
    "mar": 0,
    "totalCapacity": 25,
    "cummTillOct": 25,
    "q1": 0,
    "q2": 25,
    "q3": 0,
    "q4": 0,
    "category": "Khavda Solar",
    "section": "A",
    "includedInTotal": true,
    "isDeleted": false,
    "createdAt": "2026-01-08T12:26:16.229Z",
    "updatedAt": "2026-01-08T12:26:16.229Z"
  },
  {
    "id": 793,
    "fiscalYear": "FY_25-26",
    "sno": 9,
    "projectName": "AGEL Merchant",
    "spv": "ASEJ6PL",
    "projectType": "Merchant",
    "plotLocation": "A-6",
    "capacity": 35,
    "planActual": "Plan",
    "apr": 0,
    "may": 35,
    "jun": 0,
    "jul": 0,
    "aug": 0,
    "sep": 0,
    "oct": 0,
    "nov": 0,
    "dec": 0,
    "jan": 0,
    "feb": 0,
    "mar": 0,
    "totalCapacity": 35,
    "cummTillOct": 35,
    "q1": 35,
    "q2": 0,
    "q3": 0,
    "q4": 0,
    "category": "Khavda Solar",
    "section": "A",
    "includedInTotal": true,
    "isDeleted": false,
    "createdAt": "2026-01-08T12:26:16.229Z",
    "updatedAt": "2026-01-08T12:26:16.229Z"
  },
  {
    "id": 794,
    "fiscalYear": "FY_25-26",
    "sno": 9,
    "projectName": "AGEL Merchant",
    "spv": "ASEJ6PL",
    "projectType": "Merchant",
    "plotLocation": "A-6",
    "capacity": 0,
    "planActual": "Rephase",
    "apr": 0,
    "may": 0,
    "jun": 35,
    "jul": 0,
    "aug": 0,
    "sep": 0,
    "oct": 0,
    "nov": 0,
    "dec": 0,
    "jan": 0,
    "feb": 0,
    "mar": 0,
    "totalCapacity": 35,
    "cummTillOct": 35,
    "q1": 0,
    "q2": 35,
    "q3": 0,
    "q4": 0,
    "category": "Khavda Solar",
    "section": "A",
    "includedInTotal": true,
    "isDeleted": false,
    "createdAt": "2026-01-08T12:26:16.229Z",
    "updatedAt": "2026-01-08T12:26:16.229Z"
  },
  {
    "id": 795,
    "fiscalYear": "FY_25-26",
    "sno": 9,
    "projectName": "AGEL Merchant",
    "spv": "ASEJ6PL",
    "projectType": "Merchant",
    "plotLocation": "A-6",
    "capacity": 0,
    "planActual": "Actual",
    "apr": 0,
    "may": 0,
    "jun": 35,
    "jul": 0,
    "aug": 0,
    "sep": 0,
    "oct": 0,
    "nov": 0,
    "dec": 0,
    "jan": 0,
    "feb": 0,
    "mar": 0,
    "totalCapacity": 35,
    "cummTillOct": 35,
    "q1": 0,
    "q2": 35,
    "q3": 0,
    "q4": 0,
    "category": "Khavda Solar",
    "section": "A",
    "includedInTotal": true,
    "isDeleted": false,
    "createdAt": "2026-01-08T12:26:16.229Z",
    "updatedAt": "2026-01-08T12:26:16.229Z"
  },
  {
    "id": 796,
    "fiscalYear": "FY_25-26",
    "sno": 10,
    "projectName": "AGEL Hybrid Merchant",
    "spv": "AGE25BL",
    "projectType": "Merchant",
    "plotLocation": "S-8",
    "capacity": 100,
    "planActual": "Plan",
    "apr": 0,
    "may": 0,
    "jun": 0,
    "jul": 0,
    "aug": 0,
    "sep": 0,
    "oct": 0,
    "nov": 0,
    "dec": 100,
    "jan": 0,
    "feb": 0,
    "mar": 0,
    "totalCapacity": 100,
    "cummTillOct": 0,
    "q1": 0,
    "q2": 0,
    "q3": 0,
    "q4": 100,
    "category": "Khavda Solar",
    "section": "A",
    "includedInTotal": true,
    "isDeleted": false,
    "createdAt": "2026-01-08T12:26:16.229Z",
    "updatedAt": "2026-01-08T12:26:16.229Z"
  },
  {
    "id": 797,
    "fiscalYear": "FY_25-26",
    "sno": 10,
    "projectName": "AGEL Hybrid Merchant",
    "spv": "AGE25BL",
    "projectType": "Merchant",
    "plotLocation": "S-8",
    "capacity": 0,
    "planActual": "Rephase",
    "apr": 0,
    "may": 0,
    "jun": 0,
    "jul": 50,
    "aug": 0,
    "sep": 0,
    "oct": 50,
    "nov": 0,
    "dec": 0,
    "jan": 0,
    "feb": 0,
    "mar": 0,
    "totalCapacity": 100,
    "cummTillOct": 100,
    "q1": 0,
    "q2": 50,
    "q3": 50,
    "q4": 0,
    "category": "Khavda Solar",
    "section": "A",
    "includedInTotal": true,
    "isDeleted": false,
    "createdAt": "2026-01-08T12:26:16.229Z",
    "updatedAt": "2026-01-08T12:26:16.229Z"
  },
  {
    "id": 798,
    "fiscalYear": "FY_25-26",
    "sno": 10,
    "projectName": "AGEL Hybrid Merchant",
    "spv": "AGE25BL",
    "projectType": "Merchant",
    "plotLocation": "S-8",
    "capacity": 0,
    "planActual": "Actual",
    "apr": 0,
    "may": 0,
    "jun": 0,
    "jul": 0,
    "aug": 100,
    "sep": 0,
    "oct": 0,
    "nov": 0,
    "dec": 0,
    "jan": 0,
    "feb": 0,
    "mar": 0,
    "totalCapacity": 100,
    "cummTillOct": 100,
    "q1": 0,
    "q2": 100,
    "q3": 0,
    "q4": 0,
    "category": "Khavda Solar",
    "section": "A",
    "includedInTotal": true,
    "isDeleted": false,
    "createdAt": "2026-01-08T12:26:16.229Z",
    "updatedAt": "2026-01-08T12:26:16.229Z"
  },
  {
    "id": 799,
    "fiscalYear": "FY_25-26",
    "sno": 11,
    "projectName": "AGEL Merchant",
    "spv": "AHEJ5L",
    "projectType": "Merchant",
    "plotLocation": "A-15a",
    "capacity": 150,
    "planActual": "Plan",
    "apr": 0,
    "may": 0,
    "jun": 0,
    "jul": 0,
    "aug": 0,
    "sep": 0,
    "oct": 50,
    "nov": 0,
    "dec": 100,
    "jan": 0,
    "feb": 0,
    "mar": 0,
    "totalCapacity": 150,
    "cummTillOct": 50,
    "q1": 0,
    "q2": 0,
    "q3": 50,
    "q4": 100,
    "category": "Khavda Solar",
    "section": "A",
    "includedInTotal": true,
    "isDeleted": false,
    "createdAt": "2026-01-08T12:26:16.229Z",
    "updatedAt": "2026-01-08T12:26:16.229Z"
  },
  {
    "id": 800,
    "fiscalYear": "FY_25-26",
    "sno": 11,
    "projectName": "AGEL Merchant",
    "spv": "AHEJ5L",
    "projectType": "Merchant",
    "plotLocation": "A-15a",
    "capacity": 0,
    "planActual": "Rephase",
    "apr": 0,
    "may": 0,
    "jun": 0,
    "jul": 0,
    "aug": 0,
    "sep": 50,
    "oct": 50,
    "nov": 0,
    "dec": 50,
    "jan": 0,
    "feb": 0,
    "mar": 0,
    "totalCapacity": 150,
    "cummTillOct": 100,
    "q1": 0,
    "q2": 0,
    "q3": 100,
    "q4": 50,
    "category": "Khavda Solar",
    "section": "A",
    "includedInTotal": true,
    "isDeleted": false,
    "createdAt": "2026-01-08T12:26:16.229Z",
    "updatedAt": "2026-01-08T12:26:16.229Z"
  },
  {
    "id": 801,
    "fiscalYear": "FY_25-26",
    "sno": 11,
    "projectName": "AGEL Merchant",
    "spv": "AHEJ5L",
    "projectType": "Merchant",
    "plotLocation": "A-15a",
    "capacity": 0,
    "planActual": "Actual",
    "apr": 0,
    "may": 0,
    "jun": 0,
    "jul": 0,
    "aug": 50,
    "sep": 0,
    "oct": 0,
    "nov": 0,
    "dec": 50,
    "jan": 50,
    "feb": 0,
    "mar": 0,
    "totalCapacity": 150,
    "cummTillOct": 50,
    "q1": 0,
    "q2": 50,
    "q3": 0,
    "q4": 100,
    "category": "Khavda Solar",
    "section": "A",
    "includedInTotal": true,
    "isDeleted": false,
    "createdAt": "2026-01-08T12:26:16.229Z",
    "updatedAt": "2026-01-08T12:26:16.229Z"
  },
  {
    "id": 802,
    "fiscalYear": "FY_25-26",
    "sno": 12,
    "projectName": "AGEL Hybrid Merchant",
    "spv": "AGE26BL",
    "projectType": "Merchant",
    "plotLocation": "S-5",
    "capacity": 292,
    "planActual": "Plan",
    "apr": 100,
    "may": 192,
    "jun": 0,
    "jul": 0,
    "aug": 0,
    "sep": 0,
    "oct": 0,
    "nov": 0,
    "dec": 0,
    "jan": 0,
    "feb": 0,
    "mar": 0,
    "totalCapacity": 292,
    "cummTillOct": 292,
    "q1": 292,
    "q2": 0,
    "q3": 0,
    "q4": 0,
    "category": "Khavda Solar",
    "section": "A",
    "includedInTotal": true,
    "isDeleted": false,
    "createdAt": "2026-01-08T12:26:16.229Z",
    "updatedAt": "2026-01-08T12:26:16.229Z"
  },
  {
    "id": 803,
    "fiscalYear": "FY_25-26",
    "sno": 12,
    "projectName": "AGEL Hybrid Merchant",
    "spv": "AGE26BL",
    "projectType": "Merchant",
    "plotLocation": "S-5",
    "capacity": 0,
    "planActual": "Rephase",
    "apr": 0,
    "may": 0,
    "jun": 50,
    "jul": 0,
    "aug": 75,
    "sep": 62,
    "oct": 105,
    "nov": 0,
    "dec": 0,
    "jan": 0,
    "feb": 0,
    "mar": 0,
    "totalCapacity": 292,
    "cummTillOct": 292,
    "q1": 0,
    "q2": 125,
    "q3": 167,
    "q4": 0,
    "category": "Khavda Solar",
    "section": "A",
    "includedInTotal": true,
    "isDeleted": false,
    "createdAt": "2026-01-08T12:26:16.229Z",
    "updatedAt": "2026-01-08T12:26:16.229Z"
  },
  {
    "id": 804,
    "fiscalYear": "FY_25-26",
    "sno": 12,
    "projectName": "AGEL Hybrid Merchant",
    "spv": "AGE26BL",
    "projectType": "Merchant",
    "plotLocation": "S-5",
    "capacity": 0,
    "planActual": "Actual",
    "apr": 0,
    "may": 0,
    "jun": 0,
    "jul": 0,
    "aug": 50,
    "sep": 0,
    "oct": 50,
    "nov": 50,
    "dec": 75,
    "jan": 67,
    "feb": 0,
    "mar": 0,
    "totalCapacity": 292,
    "cummTillOct": 100,
    "q1": 0,
    "q2": 50,
    "q3": 100,
    "q4": 142,
    "category": "Khavda Solar",
    "section": "A",
    "includedInTotal": true,
    "isDeleted": false,
    "createdAt": "2026-01-08T12:26:16.229Z",
    "updatedAt": "2026-01-08T12:26:16.229Z"
  },
  {
    "id": 806,
    "fiscalYear": "FY_25-26",
    "sno": 13,
    "projectName": "AGEL Merchant",
    "spv": "AGE24L",
    "projectType": "Merchant",
    "plotLocation": "S-5",
    "capacity": 0,
    "planActual": "Rephase",
    "apr": 0,
    "may": 0,
    "jun": 0,
    "jul": 0,
    "aug": 0,
    "sep": 0,
    "oct": 0,
    "nov": 0,
    "dec": 50,
    "jan": 100,
    "feb": 0,
    "mar": 0,
    "totalCapacity": 150,
    "cummTillOct": 0,
    "q1": 0,
    "q2": 0,
    "q3": 0,
    "q4": 150,
    "category": "Khavda Solar",
    "section": "A",
    "includedInTotal": true,
    "isDeleted": false,
    "createdAt": "2026-01-08T12:26:16.229Z",
    "updatedAt": "2026-01-08T12:26:16.229Z"
  },
  {
    "id": 805,
    "fiscalYear": "FY_25-26",
    "sno": 13,
    "projectName": "AGEL Merchant",
    "spv": "AGE24L",
    "projectType": "Merchant",
    "plotLocation": "S-5",
    "capacity": 150,
    "planActual": "Plan",
    "apr": 50,
    "may": 100,
    "jun": 0,
    "jul": 0,
    "aug": 0,
    "sep": 0,
    "oct": 0,
    "nov": 0,
    "dec": 0,
    "jan": 0,
    "feb": 0,
    "mar": 0,
    "totalCapacity": 150,
    "cummTillOct": 150,
    "q1": 150,
    "q2": 0,
    "q3": 0,
    "q4": 0,
    "category": "Khavda Solar",
    "section": "A",
    "includedInTotal": true,
    "isDeleted": false,
    "createdAt": "2026-01-08T12:26:16.229Z",
    "updatedAt": "2026-01-08T12:26:16.229Z"
  },
  {
    "id": 807,
    "fiscalYear": "FY_25-26",
    "sno": 13,
    "projectName": "AGEL Merchant",
    "spv": "AGE24L",
    "projectType": "Merchant",
    "plotLocation": "S-5",
    "capacity": 0,
    "planActual": "Actual",
    "apr": 0,
    "may": 0,
    "jun": 0,
    "jul": 0,
    "aug": 0,
    "sep": 0,
    "oct": 0,
    "nov": 0,
    "dec": 62.5,
    "jan": 87.5,
    "feb": 0,
    "mar": 0,
    "totalCapacity": 150,
    "cummTillOct": 0,
    "q1": 0,
    "q2": 0,
    "q3": 0,
    "q4": 150,
    "category": "Khavda Solar",
    "section": "A",
    "includedInTotal": true,
    "isDeleted": false,
    "createdAt": "2026-01-08T12:26:16.229Z",
    "updatedAt": "2026-01-08T12:26:16.229Z"
  },
  {
    "id": 808,
    "fiscalYear": "FY_25-26",
    "sno": 15,
    "projectName": "Cement - Hybrid",
    "spv": "ACL",
    "projectType": "Group",
    "plotLocation": "A-1",
    "capacity": 125,
    "planActual": "Plan",
    "apr": 0,
    "may": 125,
    "jun": 0,
    "jul": 0,
    "aug": 0,
    "sep": 0,
    "oct": 0,
    "nov": 0,
    "dec": 0,
    "jan": 0,
    "feb": 0,
    "mar": 0,
    "totalCapacity": 125,
    "cummTillOct": 125,
    "q1": 125,
    "q2": 0,
    "q3": 0,
    "q4": 0,
    "category": "Khavda Solar",
    "section": "A",
    "includedInTotal": true,
    "isDeleted": false,
    "createdAt": "2026-01-08T12:26:16.229Z",
    "updatedAt": "2026-01-08T12:26:16.229Z"
  },
  {
    "id": 809,
    "fiscalYear": "FY_25-26",
    "sno": 15,
    "projectName": "Cement - Hybrid",
    "spv": "ACL",
    "projectType": "Group",
    "plotLocation": "A-1",
    "capacity": 0,
    "planActual": "Rephase",
    "apr": 0,
    "may": 0,
    "jun": 0,
    "jul": 75,
    "aug": 0,
    "sep": 50,
    "oct": 0,
    "nov": 0,
    "dec": 0,
    "jan": 0,
    "feb": 0,
    "mar": 0,
    "totalCapacity": 125,
    "cummTillOct": 125,
    "q1": 0,
    "q2": 75,
    "q3": 50,
    "q4": 0,
    "category": "Khavda Solar",
    "section": "A",
    "includedInTotal": true,
    "isDeleted": false,
    "createdAt": "2026-01-08T12:26:16.229Z",
    "updatedAt": "2026-01-08T12:26:16.229Z"
  },
  {
    "id": 810,
    "fiscalYear": "FY_25-26",
    "sno": 15,
    "projectName": "Cement - Hybrid",
    "spv": "ACL",
    "projectType": "Group",
    "plotLocation": "A-1",
    "capacity": 0,
    "planActual": "Actual",
    "apr": 0,
    "may": 0,
    "jun": 0,
    "jul": 0,
    "aug": 50,
    "sep": 0,
    "oct": 0,
    "nov": 75,
    "dec": 0,
    "jan": 0,
    "feb": 0,
    "mar": 0,
    "totalCapacity": 125,
    "cummTillOct": 50,
    "q1": 0,
    "q2": 50,
    "q3": 75,
    "q4": 0,
    "category": "Khavda Solar",
    "section": "A",
    "includedInTotal": true,
    "isDeleted": false,
    "createdAt": "2026-01-08T12:26:16.229Z",
    "updatedAt": "2026-01-08T12:26:16.229Z"
  },
  {
    "id": 811,
    "fiscalYear": "FY_25-26",
    "sno": 16,
    "projectName": "MLP T3 AP",
    "spv": "AGE25CL",
    "projectType": "PPA",
    "plotLocation": "A-6",
    "capacity": 75,
    "planActual": "Plan",
    "apr": 0,
    "may": 0,
    "jun": 0,
    "jul": 0,
    "aug": 0,
    "sep": 0,
    "oct": 75,
    "nov": 0,
    "dec": 0,
    "jan": 0,
    "feb": 0,
    "mar": 0,
    "totalCapacity": 75,
    "cummTillOct": 75,
    "q1": 0,
    "q2": 0,
    "q3": 75,
    "q4": 0,
    "category": "Khavda Solar",
    "section": "A",
    "includedInTotal": true,
    "isDeleted": false,
    "createdAt": "2026-01-08T12:26:16.229Z",
    "updatedAt": "2026-01-08T12:26:16.229Z"
  },
  {
    "id": 812,
    "fiscalYear": "FY_25-26",
    "sno": 16,
    "projectName": "MLP T3 AP",
    "spv": "AGE25CL",
    "projectType": "PPA",
    "plotLocation": "A-6",
    "capacity": 0,
    "planActual": "Rephase",
    "apr": 0,
    "may": 0,
    "jun": 0,
    "jul": 75,
    "aug": 0,
    "sep": 0,
    "oct": 0,
    "nov": 0,
    "dec": 0,
    "jan": 0,
    "feb": 0,
    "mar": 0,
    "totalCapacity": 75,
    "cummTillOct": 75,
    "q1": 0,
    "q2": 75,
    "q3": 0,
    "q4": 0,
    "category": "Khavda Solar",
    "section": "A",
    "includedInTotal": true,
    "isDeleted": false,
    "createdAt": "2026-01-08T12:26:16.229Z",
    "updatedAt": "2026-01-08T12:26:16.229Z"
  },
  {
    "id": 813,
    "fiscalYear": "FY_25-26",
    "sno": 16,
    "projectName": "MLP T3 AP",
    "spv": "AGE25CL",
    "projectType": "PPA",
    "plotLocation": "A-6",
    "capacity": 0,
    "planActual": "Actual",
    "apr": 0,
    "may": 0,
    "jun": 0,
    "jul": 0,
    "aug": 0,
    "sep": 0,
    "oct": 0,
    "nov": 75,
    "dec": 0,
    "jan": 0,
    "feb": 0,
    "mar": 0,
    "totalCapacity": 75,
    "cummTillOct": 0,
    "q1": 0,
    "q2": 0,
    "q3": 75,
    "q4": 0,
    "category": "Khavda Solar",
    "section": "A",
    "includedInTotal": true,
    "isDeleted": false,
    "createdAt": "2026-01-08T12:26:16.229Z",
    "updatedAt": "2026-01-08T12:26:16.229Z"
  },
  {
    "id": 814,
    "fiscalYear": "FY_25-26",
    "sno": 17,
    "projectName": "MLP T1 J&K",
    "spv": "AGE26AL",
    "projectType": "PPA",
    "plotLocation": "A-16",
    "capacity": 50,
    "planActual": "Plan",
    "apr": 0,
    "may": 0,
    "jun": 0,
    "jul": 0,
    "aug": 50,
    "sep": 0,
    "oct": 0,
    "nov": 0,
    "dec": 0,
    "jan": 0,
    "feb": 0,
    "mar": 0,
    "totalCapacity": 50,
    "cummTillOct": 50,
    "q1": 0,
    "q2": 50,
    "q3": 0,
    "q4": 0,
    "category": "Khavda Solar",
    "section": "A",
    "includedInTotal": true,
    "isDeleted": false,
    "createdAt": "2026-01-08T12:26:16.229Z",
    "updatedAt": "2026-01-08T12:26:16.229Z"
  },
  {
    "id": 815,
    "fiscalYear": "FY_25-26",
    "sno": 17,
    "projectName": "MLP T1 J&K",
    "spv": "AGE26AL",
    "projectType": "PPA",
    "plotLocation": "A-16",
    "capacity": 0,
    "planActual": "Rephase",
    "apr": 0,
    "may": 0,
    "jun": 0,
    "jul": 0,
    "aug": 0,
    "sep": 0,
    "oct": 0,
    "nov": 50,
    "dec": 0,
    "jan": 0,
    "feb": 0,
    "mar": 0,
    "totalCapacity": 50,
    "cummTillOct": 0,
    "q1": 0,
    "q2": 0,
    "q3": 50,
    "q4": 0,
    "category": "Khavda Solar",
    "section": "A",
    "includedInTotal": true,
    "isDeleted": false,
    "createdAt": "2026-01-08T12:26:16.229Z",
    "updatedAt": "2026-01-08T12:26:16.229Z"
  },
  {
    "id": 816,
    "fiscalYear": "FY_25-26",
    "sno": 17,
    "projectName": "MLP T1 J&K",
    "spv": "AGE26AL",
    "projectType": "PPA",
    "plotLocation": "A-16",
    "capacity": 0,
    "planActual": "Actual",
    "apr": 0,
    "may": 0,
    "jun": 0,
    "jul": 0,
    "aug": 0,
    "sep": 0,
    "oct": 0,
    "nov": 0,
    "dec": 50,
    "jan": 0,
    "feb": 0,
    "mar": 0,
    "totalCapacity": 50,
    "cummTillOct": 0,
    "q1": 0,
    "q2": 0,
    "q3": 0,
    "q4": 50,
    "category": "Khavda Solar",
    "section": "A",
    "includedInTotal": true,
    "isDeleted": false,
    "createdAt": "2026-01-08T12:26:16.229Z",
    "updatedAt": "2026-01-08T12:26:16.229Z"
  },
  {
    "id": 817,
    "fiscalYear": "FY_25-26",
    "sno": 18,
    "projectName": "MLP T1 CG",
    "spv": "AGE26AL",
    "projectType": "PPA",
    "plotLocation": "A-16",
    "capacity": 200,
    "planActual": "Plan",
    "apr": 0,
    "may": 0,
    "jun": 0,
    "jul": 0,
    "aug": 0,
    "sep": 200,
    "oct": 0,
    "nov": 0,
    "dec": 0,
    "jan": 0,
    "feb": 0,
    "mar": 0,
    "totalCapacity": 200,
    "cummTillOct": 200,
    "q1": 0,
    "q2": 0,
    "q3": 200,
    "q4": 0,
    "category": "Khavda Solar",
    "section": "A",
    "includedInTotal": true,
    "isDeleted": false,
    "createdAt": "2026-01-08T12:26:16.229Z",
    "updatedAt": "2026-01-08T12:26:16.229Z"
  },
  {
    "id": 818,
    "fiscalYear": "FY_25-26",
    "sno": 18,
    "projectName": "MLP T1 CG",
    "spv": "AGE26AL",
    "projectType": "PPA",
    "plotLocation": "A-16",
    "capacity": 0,
    "planActual": "Rephase",
    "apr": 0,
    "may": 0,
    "jun": 0,
    "jul": 0,
    "aug": 0,
    "sep": 0,
    "oct": 0,
    "nov": 50,
    "dec": 100,
    "jan": 50,
    "feb": 0,
    "mar": 0,
    "totalCapacity": 200,
    "cummTillOct": 0,
    "q1": 0,
    "q2": 0,
    "q3": 50,
    "q4": 150,
    "category": "Khavda Solar",
    "section": "A",
    "includedInTotal": true,
    "isDeleted": false,
    "createdAt": "2026-01-08T12:26:16.229Z",
    "updatedAt": "2026-01-08T12:26:16.229Z"
  },
  {
    "id": 819,
    "fiscalYear": "FY_25-26",
    "sno": 18,
    "projectName": "MLP T1 CG",
    "spv": "AGE26AL",
    "projectType": "PPA",
    "plotLocation": "A-16",
    "capacity": 0,
    "planActual": "Actual",
    "apr": 0,
    "may": 0,
    "jun": 0,
    "jul": 0,
    "aug": 0,
    "sep": 0,
    "oct": 0,
    "nov": 0,
    "dec": 175,
    "jan": 25,
    "feb": 0,
    "mar": 0,
    "totalCapacity": 200,
    "cummTillOct": 0,
    "q1": 0,
    "q2": 0,
    "q3": 0,
    "q4": 200,
    "category": "Khavda Solar",
    "section": "A",
    "includedInTotal": true,
    "isDeleted": false,
    "createdAt": "2026-01-08T12:26:16.229Z",
    "updatedAt": "2026-01-08T12:26:16.229Z"
  },
  {
    "id": 820,
    "fiscalYear": "FY_25-26",
    "sno": 19,
    "projectName": "MLP T1 TN",
    "spv": "AGE26AL",
    "projectType": "PPA",
    "plotLocation": "A-16",
    "capacity": 167,
    "planActual": "Plan",
    "apr": 0,
    "may": 0,
    "jun": 0,
    "jul": 0,
    "aug": 0,
    "sep": 167,
    "oct": 0,
    "nov": 0,
    "dec": 0,
    "jan": 0,
    "feb": 0,
    "mar": 0,
    "totalCapacity": 167,
    "cummTillOct": 167,
    "q1": 0,
    "q2": 0,
    "q3": 167,
    "q4": 0,
    "category": "Khavda Solar",
    "section": "A",
    "includedInTotal": true,
    "isDeleted": false,
    "createdAt": "2026-01-08T12:26:16.229Z",
    "updatedAt": "2026-01-08T12:26:16.229Z"
  },
  {
    "id": 821,
    "fiscalYear": "FY_25-26",
    "sno": 19,
    "projectName": "MLP T1 TN",
    "spv": "AGE26AL",
    "projectType": "PPA",
    "plotLocation": "A-16",
    "capacity": 0,
    "planActual": "Rephase",
    "apr": 0,
    "may": 0,
    "jun": 0,
    "jul": 0,
    "aug": 0,
    "sep": 0,
    "oct": 0,
    "nov": 50,
    "dec": 117,
    "jan": 0,
    "feb": 0,
    "mar": 0,
    "totalCapacity": 167,
    "cummTillOct": 0,
    "q1": 0,
    "q2": 0,
    "q3": 50,
    "q4": 117,
    "category": "Khavda Solar",
    "section": "A",
    "includedInTotal": true,
    "isDeleted": false,
    "createdAt": "2026-01-08T12:26:16.229Z",
    "updatedAt": "2026-01-08T12:26:16.229Z"
  },
  {
    "id": 822,
    "fiscalYear": "FY_25-26",
    "sno": 19,
    "projectName": "MLP T1 TN",
    "spv": "AGE26AL",
    "projectType": "PPA",
    "plotLocation": "A-16",
    "capacity": 0,
    "planActual": "Actual",
    "apr": 0,
    "may": 0,
    "jun": 0,
    "jul": 0,
    "aug": 0,
    "sep": 0,
    "oct": 0,
    "nov": 0,
    "dec": 100,
    "jan": 67,
    "feb": 0,
    "mar": 0,
    "totalCapacity": 167,
    "cummTillOct": 0,
    "q1": 0,
    "q2": 0,
    "q3": 0,
    "q4": 167,
    "category": "Khavda Solar",
    "section": "A",
    "includedInTotal": true,
    "isDeleted": false,
    "createdAt": "2026-01-08T12:26:16.229Z",
    "updatedAt": "2026-01-08T12:26:16.229Z"
  },
  {
    "id": 823,
    "fiscalYear": "FY_25-26",
    "sno": 20,
    "projectName": "MLP T1 OR",
    "spv": "AGE26AL",
    "projectType": "PPA",
    "plotLocation": "A-16",
    "capacity": 333,
    "planActual": "Plan",
    "apr": 0,
    "may": 0,
    "jun": 0,
    "jul": 0,
    "aug": 333,
    "sep": 0,
    "oct": 0,
    "nov": 0,
    "dec": 0,
    "jan": 0,
    "feb": 0,
    "mar": 0,
    "totalCapacity": 333,
    "cummTillOct": 333,
    "q1": 0,
    "q2": 333,
    "q3": 0,
    "q4": 0,
    "category": "Khavda Solar",
    "section": "A",
    "includedInTotal": true,
    "isDeleted": false,
    "createdAt": "2026-01-08T12:26:16.229Z",
    "updatedAt": "2026-01-08T12:26:16.229Z"
  },
  {
    "id": 824,
    "fiscalYear": "FY_25-26",
    "sno": 20,
    "projectName": "MLP T1 OR",
    "spv": "AGE26AL",
    "projectType": "PPA",
    "plotLocation": "A-16",
    "capacity": 0,
    "planActual": "Rephase",
    "apr": 0,
    "may": 0,
    "jun": 0,
    "jul": 0,
    "aug": 0,
    "sep": 0,
    "oct": 0,
    "nov": 0,
    "dec": 100,
    "jan": 100,
    "feb": 133,
    "mar": 0,
    "totalCapacity": 333,
    "cummTillOct": 0,
    "q1": 0,
    "q2": 0,
    "q3": 0,
    "q4": 333,
    "category": "Khavda Solar",
    "section": "A",
    "includedInTotal": true,
    "isDeleted": false,
    "createdAt": "2026-01-08T12:26:16.229Z",
    "updatedAt": "2026-01-08T12:26:16.229Z"
  },
  {
    "id": 825,
    "fiscalYear": "FY_25-26",
    "sno": 20,
    "projectName": "MLP T1 OR",
    "spv": "AGE26AL",
    "projectType": "PPA",
    "plotLocation": "A-16",
    "capacity": 0,
    "planActual": "Actual",
    "apr": 0,
    "may": 0,
    "jun": 0,
    "jul": 0,
    "aug": 0,
    "sep": 0,
    "oct": 0,
    "nov": 0,
    "dec": 150,
    "jan": 183,
    "feb": 0,
    "mar": 0,
    "totalCapacity": 333,
    "cummTillOct": 0,
    "q1": 0,
    "q2": 0,
    "q3": 0,
    "q4": 333,
    "category": "Khavda Solar",
    "section": "A",
    "includedInTotal": true,
    "isDeleted": false,
    "createdAt": "2026-01-08T12:26:16.229Z",
    "updatedAt": "2026-01-08T12:26:16.229Z"
  },
  {
    "id": 827,
    "fiscalYear": "FY_25-26",
    "sno": 21,
    "projectName": "MLP T1 TR",
    "spv": "AGE26AL",
    "projectType": "PPA",
    "plotLocation": "A10a",
    "capacity": 0,
    "planActual": "Rephase",
    "apr": 0,
    "may": 0,
    "jun": 0,
    "jul": 0,
    "aug": 50,
    "sep": 0,
    "oct": 0,
    "nov": 0,
    "dec": 0,
    "jan": 0,
    "feb": 0,
    "mar": 0,
    "totalCapacity": 50,
    "cummTillOct": 50,
    "q1": 0,
    "q2": 50,
    "q3": 0,
    "q4": 0,
    "category": "Khavda Solar",
    "section": "A",
    "includedInTotal": true,
    "isDeleted": false,
    "createdAt": "2026-01-08T12:26:16.229Z",
    "updatedAt": "2026-01-08T12:26:16.229Z"
  },
  {
    "id": 826,
    "fiscalYear": "FY_25-26",
    "sno": 21,
    "projectName": "MLP T1 TR",
    "spv": "AGE26AL",
    "projectType": "PPA",
    "plotLocation": "A10a",
    "capacity": 50,
    "planActual": "Plan",
    "apr": 0,
    "may": 0,
    "jun": 0,
    "jul": 0,
    "aug": 50,
    "sep": 0,
    "oct": 0,
    "nov": 0,
    "dec": 0,
    "jan": 0,
    "feb": 0,
    "mar": 0,
    "totalCapacity": 50,
    "cummTillOct": 50,
    "q1": 0,
    "q2": 50,
    "q3": 0,
    "q4": 0,
    "category": "Khavda Solar",
    "section": "A",
    "includedInTotal": true,
    "isDeleted": false,
    "createdAt": "2026-01-08T12:26:16.229Z",
    "updatedAt": "2026-01-08T12:26:16.229Z"
  },
  {
    "id": 828,
    "fiscalYear": "FY_25-26",
    "sno": 21,
    "projectName": "MLP T1 TR",
    "spv": "AGE26AL",
    "projectType": "PPA",
    "plotLocation": "A10a",
    "capacity": 0,
    "planActual": "Actual",
    "apr": 0,
    "may": 0,
    "jun": 0,
    "jul": 0,
    "aug": 0,
    "sep": 50,
    "oct": 0,
    "nov": 0,
    "dec": 0,
    "jan": 0,
    "feb": 0,
    "mar": 0,
    "totalCapacity": 50,
    "cummTillOct": 50,
    "q1": 0,
    "q2": 0,
    "q3": 50,
    "q4": 0,
    "category": "Khavda Solar",
    "section": "A",
    "includedInTotal": true,
    "isDeleted": false,
    "createdAt": "2026-01-08T12:26:16.229Z",
    "updatedAt": "2026-01-08T12:26:16.229Z"
  },
  {
    "id": 845,
    "fiscalYear": "FY_25-26",
    "sno": 25,
    "projectName": "KCTL",
    "spv": "KCTL",
    "projectType": "Group",
    "plotLocation": "A-15a",
    "capacity": 12.5,
    "planActual": "Rephase",
    "apr": 0,
    "may": 0,
    "jun": 0,
    "jul": 0,
    "aug": 0,
    "sep": 0,
    "oct": 0,
    "nov": 0,
    "dec": 0,
    "jan": 12.5,
    "feb": 0,
    "mar": 0,
    "totalCapacity": 12.5,
    "cummTillOct": 0,
    "q1": 0,
    "q2": 0,
    "q3": 0,
    "q4": 12.5,
    "category": "Khavda Solar Copper+Merchant 50MW",
    "section": "D1",
    "includedInTotal": false,
    "isDeleted": false,
    "createdAt": "2026-01-08T12:26:16.229Z",
    "updatedAt": "2026-01-08T12:26:16.229Z"
  },
  {
    "id": 844,
    "fiscalYear": "FY_25-26",
    "sno": 25,
    "projectName": "KCTL",
    "spv": "KCTL",
    "projectType": "Group",
    "plotLocation": "A-15a",
    "capacity": 12.5,
    "planActual": "Plan",
    "apr": 0,
    "may": 0,
    "jun": 0,
    "jul": 0,
    "aug": 0,
    "sep": 0,
    "oct": 0,
    "nov": 0,
    "dec": 0,
    "jan": 0,
    "feb": 0,
    "mar": 0,
    "totalCapacity": 0,
    "cummTillOct": 0,
    "q1": 0,
    "q2": 0,
    "q3": 0,
    "q4": 0,
    "category": "Khavda Solar Copper+Merchant 50MW",
    "section": "D1",
    "includedInTotal": false,
    "isDeleted": false,
    "createdAt": "2026-01-08T12:26:16.229Z",
    "updatedAt": "2026-01-08T12:26:16.229Z"
  },
  {
    "id": 846,
    "fiscalYear": "FY_25-26",
    "sno": 25,
    "projectName": "KCTL",
    "spv": "KCTL",
    "projectType": "Group",
    "plotLocation": "A-15a",
    "capacity": 12.5,
    "planActual": "Actual",
    "apr": 0,
    "may": 0,
    "jun": 0,
    "jul": 0,
    "aug": 0,
    "sep": 0,
    "oct": 0,
    "nov": 0,
    "dec": 0,
    "jan": 12.5,
    "feb": 0,
    "mar": 0,
    "totalCapacity": 12.5,
    "cummTillOct": 0,
    "q1": 0,
    "q2": 0,
    "q3": 0,
    "q4": 12.5,
    "category": "Khavda Solar Copper+Merchant 50MW",
    "section": "D1",
    "includedInTotal": false,
    "isDeleted": false,
    "createdAt": "2026-01-08T12:26:16.229Z",
    "updatedAt": "2026-01-08T12:26:16.229Z"
  },
  {
    "id": 849,
    "fiscalYear": "FY_25-26",
    "sno": 26,
    "projectName": "MCIPL",
    "spv": "MCIPL",
    "projectType": "Group",
    "plotLocation": "A-15a",
    "capacity": 12.5,
    "planActual": "Actual",
    "apr": 0,
    "may": 0,
    "jun": 0,
    "jul": 0,
    "aug": 0,
    "sep": 0,
    "oct": 0,
    "nov": 0,
    "dec": 0,
    "jan": 12.5,
    "feb": 0,
    "mar": 0,
    "totalCapacity": 12.5,
    "cummTillOct": 0,
    "q1": 0,
    "q2": 0,
    "q3": 0,
    "q4": 12.5,
    "category": "Khavda Solar Copper+Merchant 50MW",
    "section": "D1",
    "includedInTotal": false,
    "isDeleted": false,
    "createdAt": "2026-01-08T12:26:16.229Z",
    "updatedAt": "2026-01-08T12:26:16.229Z"
  },
  {
    "id": 848,
    "fiscalYear": "FY_25-26",
    "sno": 26,
    "projectName": "MCIPL",
    "spv": "MCIPL",
    "projectType": "Group",
    "plotLocation": "A-15a",
    "capacity": 12.5,
    "planActual": "Rephase",
    "apr": 0,
    "may": 0,
    "jun": 0,
    "jul": 0,
    "aug": 0,
    "sep": 0,
    "oct": 0,
    "nov": 0,
    "dec": 0,
    "jan": 12.5,
    "feb": 0,
    "mar": 0,
    "totalCapacity": 12.5,
    "cummTillOct": 0,
    "q1": 0,
    "q2": 0,
    "q3": 0,
    "q4": 12.5,
    "category": "Khavda Solar Copper+Merchant 50MW",
    "section": "D1",
    "includedInTotal": false,
    "isDeleted": false,
    "createdAt": "2026-01-08T12:26:16.229Z",
    "updatedAt": "2026-01-08T12:26:16.229Z"
  },
  {
    "id": 847,
    "fiscalYear": "FY_25-26",
    "sno": 26,
    "projectName": "MCIPL",
    "spv": "MCIPL",
    "projectType": "Group",
    "plotLocation": "A-15a",
    "capacity": 12.5,
    "planActual": "Plan",
    "apr": 0,
    "may": 0,
    "jun": 0,
    "jul": 0,
    "aug": 0,
    "sep": 0,
    "oct": 0,
    "nov": 0,
    "dec": 0,
    "jan": 0,
    "feb": 0,
    "mar": 0,
    "totalCapacity": 0,
    "cummTillOct": 0,
    "q1": 0,
    "q2": 0,
    "q3": 0,
    "q4": 0,
    "category": "Khavda Solar Copper+Merchant 50MW",
    "section": "D1",
    "includedInTotal": false,
    "isDeleted": false,
    "createdAt": "2026-01-08T12:26:16.229Z",
    "updatedAt": "2026-01-08T12:26:16.229Z"
  },
  {
    "id": 850,
    "fiscalYear": "FY_25-26",
    "sno": 27,
    "projectName": "AGEL Merchant",
    "spv": "ASEJo6PL",
    "projectType": "Merchant",
    "plotLocation": "A-15a",
    "capacity": 25,
    "planActual": "Plan",
    "apr": 0,
    "may": 0,
    "jun": 0,
    "jul": 0,
    "aug": 0,
    "sep": 0,
    "oct": 0,
    "nov": 0,
    "dec": 0,
    "jan": null,
    "feb": 0,
    "mar": 0,
    "totalCapacity": 0,
    "cummTillOct": 0,
    "q1": 0,
    "q2": 0,
    "q3": 0,
    "q4": 0,
    "category": "Khavda Solar Copper+Merchant 50MW",
    "section": "D1",
    "includedInTotal": false,
    "isDeleted": false,
    "createdAt": "2026-01-08T12:26:16.229Z",
    "updatedAt": "2026-01-08T12:26:16.229Z"
  },
  {
    "id": 852,
    "fiscalYear": "FY_25-26",
    "sno": 27,
    "projectName": "AGEL Merchant",
    "spv": "ASEJo6PL",
    "projectType": "Merchant",
    "plotLocation": "A-15a",
    "capacity": 25,
    "planActual": "Actual",
    "apr": 0,
    "may": 0,
    "jun": 0,
    "jul": 0,
    "aug": 0,
    "sep": 0,
    "oct": 0,
    "nov": 0,
    "dec": 0,
    "jan": 25,
    "feb": 0,
    "mar": 0,
    "totalCapacity": 25,
    "cummTillOct": 0,
    "q1": 0,
    "q2": 0,
    "q3": 0,
    "q4": 25,
    "category": "Khavda Solar Copper+Merchant 50MW",
    "section": "D1",
    "includedInTotal": false,
    "isDeleted": false,
    "createdAt": "2026-01-08T12:26:16.229Z",
    "updatedAt": "2026-01-08T12:26:16.229Z"
  },
  {
    "id": 851,
    "fiscalYear": "FY_25-26",
    "sno": 27,
    "projectName": "AGEL Merchant",
    "spv": "ASEJo6PL",
    "projectType": "Merchant",
    "plotLocation": "A-15a",
    "capacity": 25,
    "planActual": "Rephase",
    "apr": 0,
    "may": 0,
    "jun": 0,
    "jul": 0,
    "aug": 0,
    "sep": 0,
    "oct": 0,
    "nov": 0,
    "dec": 0,
    "jan": 25,
    "feb": 0,
    "mar": 0,
    "totalCapacity": 25,
    "cummTillOct": 0,
    "q1": 0,
    "q2": 0,
    "q3": 0,
    "q4": 25,
    "category": "Khavda Solar Copper+Merchant 50MW",
    "section": "D1",
    "includedInTotal": false,
    "isDeleted": false,
    "createdAt": "2026-01-08T12:26:16.229Z",
    "updatedAt": "2026-01-08T12:26:16.229Z"
  },
  {
    "id": 855,
    "fiscalYear": "FY_25-26",
    "sno": 23,
    "projectName": "AGEL Hybrid Merchant",
    "spv": "AHEJ5L",
    "projectType": "Merchant",
    "plotLocation": "S-4",
    "capacity": 300,
    "planActual": "Actual",
    "apr": 0,
    "may": 0,
    "jun": 0,
    "jul": 0,
    "aug": 0,
    "sep": 0,
    "oct": 0,
    "nov": 0,
    "dec": 0,
    "jan": 0,
    "feb": 0,
    "mar": 0,
    "totalCapacity": 0,
    "cummTillOct": 0,
    "q1": 0,
    "q2": 0,
    "q3": 0,
    "q4": 0,
    "category": "Khavda Solar Internal 650MW",
    "section": "D2",
    "includedInTotal": false,
    "isDeleted": false,
    "createdAt": "2026-01-08T12:26:16.229Z",
    "updatedAt": "2026-01-08T12:26:16.229Z"
  },
  {
    "id": 853,
    "fiscalYear": "FY_25-26",
    "sno": 23,
    "projectName": "AGEL Hybrid Merchant",
    "spv": "AHEJ5L",
    "projectType": "Merchant",
    "plotLocation": "S-4",
    "capacity": 300,
    "planActual": "Plan",
    "apr": 0,
    "may": 0,
    "jun": 0,
    "jul": 0,
    "aug": 0,
    "sep": 0,
    "oct": 0,
    "nov": 0,
    "dec": 150,
    "jan": 200,
    "feb": 0,
    "mar": 0,
    "totalCapacity": 350,
    "cummTillOct": 0,
    "q1": 0,
    "q2": 0,
    "q3": 0,
    "q4": 350,
    "category": "Khavda Solar Internal 650MW",
    "section": "D2",
    "includedInTotal": false,
    "isDeleted": false,
    "createdAt": "2026-01-08T12:26:16.229Z",
    "updatedAt": "2026-01-08T12:26:16.229Z"
  },
  {
    "id": 854,
    "fiscalYear": "FY_25-26",
    "sno": 23,
    "projectName": "AGEL Hybrid Merchant",
    "spv": "AHEJ5L",
    "projectType": "Merchant",
    "plotLocation": "S-4",
    "capacity": 300,
    "planActual": "Rephase",
    "apr": 0,
    "may": 0,
    "jun": 0,
    "jul": 0,
    "aug": 0,
    "sep": 0,
    "oct": 0,
    "nov": 100,
    "dec": 100,
    "jan": 100,
    "feb": 0,
    "mar": 0,
    "totalCapacity": 300,
    "cummTillOct": 0,
    "q1": 0,
    "q2": 0,
    "q3": 100,
    "q4": 200,
    "category": "Khavda Solar Internal 650MW",
    "section": "D2",
    "includedInTotal": false,
    "isDeleted": false,
    "createdAt": "2026-01-08T12:26:16.229Z",
    "updatedAt": "2026-01-08T12:26:16.229Z"
  },
  {
    "id": 856,
    "fiscalYear": "FY_25-26",
    "sno": 24,
    "projectName": "MLP AP New",
    "spv": "ARE57L",
    "projectType": "PPA",
    "plotLocation": "A-12",
    "capacity": 350,
    "planActual": "Plan",
    "apr": 0,
    "may": 0,
    "jun": 0,
    "jul": 0,
    "aug": 0,
    "sep": 0,
    "oct": 0,
    "nov": 100,
    "dec": 100,
    "jan": 100,
    "feb": 0,
    "mar": 0,
    "totalCapacity": 300,
    "cummTillOct": 0,
    "q1": 0,
    "q2": 0,
    "q3": 100,
    "q4": 200,
    "category": "Khavda Solar Internal 650MW",
    "section": "D2",
    "includedInTotal": false,
    "isDeleted": false,
    "createdAt": "2026-01-08T12:26:16.229Z",
    "updatedAt": "2026-01-08T12:26:16.229Z"
  },
  {
    "id": 858,
    "fiscalYear": "FY_25-26",
    "sno": 24,
    "projectName": "MLP AP New",
    "spv": "ARE57L",
    "projectType": "PPA",
    "plotLocation": "A-12",
    "capacity": 350,
    "planActual": "Actual",
    "apr": 0,
    "may": 0,
    "jun": 0,
    "jul": 0,
    "aug": 0,
    "sep": 0,
    "oct": 0,
    "nov": 0,
    "dec": 0,
    "jan": 0,
    "feb": 0,
    "mar": 0,
    "totalCapacity": 0,
    "cummTillOct": 0,
    "q1": 0,
    "q2": 0,
    "q3": 0,
    "q4": 0,
    "category": "Khavda Solar Internal 650MW",
    "section": "D2",
    "includedInTotal": false,
    "isDeleted": false,
    "createdAt": "2026-01-08T12:26:16.229Z",
    "updatedAt": "2026-01-08T12:26:16.229Z"
  },
  {
    "id": 857,
    "fiscalYear": "FY_25-26",
    "sno": 24,
    "projectName": "MLP AP New",
    "spv": "ARE57L",
    "projectType": "PPA",
    "plotLocation": "A-12",
    "capacity": 350,
    "planActual": "Rephase",
    "apr": 0,
    "may": 0,
    "jun": 0,
    "jul": 0,
    "aug": 0,
    "sep": 0,
    "oct": 0,
    "nov": 150,
    "dec": 200,
    "jan": 0,
    "feb": 0,
    "mar": 0,
    "totalCapacity": 350,
    "cummTillOct": 0,
    "q1": 0,
    "q2": 0,
    "q3": 150,
    "q4": 200,
    "category": "Khavda Solar Internal 650MW",
    "section": "D2",
    "includedInTotal": false,
    "isDeleted": false,
    "createdAt": "2026-01-08T12:26:16.229Z",
    "updatedAt": "2026-01-08T12:26:16.229Z"
  },
  {
    "id": 861,
    "fiscalYear": "FY_25-26",
    "sno": 1,
    "projectName": "AGEL Merchant",
    "spv": "AGE24L",
    "projectType": "Merchant",
    "plotLocation": "PSS-04",
    "capacity": 52,
    "planActual": "Actual",
    "apr": 0,
    "may": 0,
    "jun": 0,
    "jul": 0,
    "aug": 0,
    "sep": 0,
    "oct": 0,
    "nov": 0,
    "dec": 0,
    "jan": 0,
    "feb": 0,
    "mar": 52,
    "totalCapacity": 52,
    "cummTillOct": 52,
    "q1": 52,
    "q2": 0,
    "q3": 0,
    "q4": 0,
    "category": "Khavda Wind",
    "section": "A",
    "includedInTotal": true,
    "isDeleted": false,
    "createdAt": "2026-01-08T12:26:16.229Z",
    "updatedAt": "2026-01-08T12:26:16.229Z"
  },
  {
    "id": 860,
    "fiscalYear": "FY_25-26",
    "sno": 1,
    "projectName": "AGEL Merchant",
    "spv": "AGE24L",
    "projectType": "Merchant",
    "plotLocation": "PSS-04",
    "capacity": 52,
    "planActual": "Rephase",
    "apr": 0,
    "may": 0,
    "jun": 0,
    "jul": 0,
    "aug": 0,
    "sep": 0,
    "oct": 0,
    "nov": 0,
    "dec": 0,
    "jan": 0,
    "feb": 0,
    "mar": 52,
    "totalCapacity": 52,
    "cummTillOct": 52,
    "q1": 52,
    "q2": 0,
    "q3": 0,
    "q4": 0,
    "category": "Khavda Wind",
    "section": "A",
    "includedInTotal": true,
    "isDeleted": false,
    "createdAt": "2026-01-08T12:26:16.229Z",
    "updatedAt": "2026-01-08T12:26:16.229Z"
  },
  {
    "id": 859,
    "fiscalYear": "FY_25-26",
    "sno": 1,
    "projectName": "AGEL Merchant",
    "spv": "AGE24L",
    "projectType": "Merchant",
    "plotLocation": "PSS-04",
    "capacity": 52,
    "planActual": "Plan",
    "apr": 0,
    "may": 0,
    "jun": 0,
    "jul": 0,
    "aug": 0,
    "sep": 0,
    "oct": 0,
    "nov": 0,
    "dec": 0,
    "jan": 0,
    "feb": 0,
    "mar": 52,
    "totalCapacity": 52,
    "cummTillOct": 52,
    "q1": 52,
    "q2": 0,
    "q3": 0,
    "q4": 0,
    "category": "Khavda Wind",
    "section": "A",
    "includedInTotal": true,
    "isDeleted": false,
    "createdAt": "2026-01-08T12:26:16.229Z",
    "updatedAt": "2026-01-08T12:26:16.229Z"
  },
  {
    "id": 862,
    "fiscalYear": "FY_25-26",
    "sno": 2,
    "projectName": "Hybrid Cement",
    "spv": "ACL",
    "projectType": "Group",
    "plotLocation": "PSS-04",
    "capacity": 57.2,
    "planActual": "Plan",
    "apr": 31.2,
    "may": 0,
    "jun": 0,
    "jul": 0,
    "aug": 0,
    "sep": 0,
    "oct": 0,
    "nov": 0,
    "dec": 0,
    "jan": 0,
    "feb": 0,
    "mar": 26,
    "totalCapacity": 57.2,
    "cummTillOct": 57.2,
    "q1": 57.2,
    "q2": 0,
    "q3": 0,
    "q4": 0,
    "category": "Khavda Wind",
    "section": "A",
    "includedInTotal": true,
    "isDeleted": false,
    "createdAt": "2026-01-08T12:26:16.229Z",
    "updatedAt": "2026-01-08T12:26:16.229Z"
  },
  {
    "id": 864,
    "fiscalYear": "FY_25-26",
    "sno": 2,
    "projectName": "Hybrid Cement",
    "spv": "ACL",
    "projectType": "Group",
    "plotLocation": "PSS-04",
    "capacity": 57.2,
    "planActual": "Actual",
    "apr": 26,
    "may": 31.2,
    "jun": 0,
    "jul": 0,
    "aug": 0,
    "sep": 0,
    "oct": 0,
    "nov": 0,
    "dec": 0,
    "jan": 0,
    "feb": 0,
    "mar": 0,
    "totalCapacity": 57.2,
    "cummTillOct": 57.2,
    "q1": 57.2,
    "q2": 0,
    "q3": 0,
    "q4": 0,
    "category": "Khavda Wind",
    "section": "A",
    "includedInTotal": true,
    "isDeleted": false,
    "createdAt": "2026-01-08T12:26:16.229Z",
    "updatedAt": "2026-01-08T12:26:16.229Z"
  },
  {
    "id": 863,
    "fiscalYear": "FY_25-26",
    "sno": 2,
    "projectName": "Hybrid Cement",
    "spv": "ACL",
    "projectType": "Group",
    "plotLocation": "PSS-04",
    "capacity": 57.2,
    "planActual": "Rephase",
    "apr": 26,
    "may": 31.2,
    "jun": 0,
    "jul": 0,
    "aug": 0,
    "sep": 0,
    "oct": 0,
    "nov": 0,
    "dec": 0,
    "jan": 0,
    "feb": 0,
    "mar": 0,
    "totalCapacity": 57.2,
    "cummTillOct": 57.2,
    "q1": 57.2,
    "q2": 0,
    "q3": 0,
    "q4": 0,
    "category": "Khavda Wind",
    "section": "A",
    "includedInTotal": true,
    "isDeleted": false,
    "createdAt": "2026-01-08T12:26:16.229Z",
    "updatedAt": "2026-01-08T12:26:16.229Z"
  },
  {
    "id": 865,
    "fiscalYear": "FY_25-26",
    "sno": 3,
    "projectName": "AGEL Merchant",
    "spv": "AHEJ5L",
    "projectType": "Merchant",
    "plotLocation": "PSS-04",
    "capacity": 62.40000000000001,
    "planActual": "Plan",
    "apr": 10.4,
    "may": 0,
    "jun": 0,
    "jul": 0,
    "aug": 0,
    "sep": 0,
    "oct": 0,
    "nov": 0,
    "dec": 0,
    "jan": 0,
    "feb": 0,
    "mar": 52,
    "totalCapacity": 62.4,
    "cummTillOct": 62.4,
    "q1": 62.4,
    "q2": 0,
    "q3": 0,
    "q4": 0,
    "category": "Khavda Wind",
    "section": "A",
    "includedInTotal": true,
    "isDeleted": false,
    "createdAt": "2026-01-08T12:26:16.229Z",
    "updatedAt": "2026-01-08T12:26:16.229Z"
  },
  {
    "id": 867,
    "fiscalYear": "FY_25-26",
    "sno": 3,
    "projectName": "AGEL Merchant",
    "spv": "AHEJ5L",
    "projectType": "Merchant",
    "plotLocation": "PSS-04",
    "capacity": 62.40000000000001,
    "planActual": "Actual",
    "apr": 0,
    "may": 10.4,
    "jun": 0,
    "jul": 0,
    "aug": 0,
    "sep": 0,
    "oct": 0,
    "nov": 0,
    "dec": 0,
    "jan": 0,
    "feb": 0,
    "mar": 52,
    "totalCapacity": 62.4,
    "cummTillOct": 62.4,
    "q1": 62.4,
    "q2": 0,
    "q3": 0,
    "q4": 0,
    "category": "Khavda Wind",
    "section": "A",
    "includedInTotal": true,
    "isDeleted": false,
    "createdAt": "2026-01-08T12:26:16.229Z",
    "updatedAt": "2026-01-08T12:26:16.229Z"
  },
  {
    "id": 866,
    "fiscalYear": "FY_25-26",
    "sno": 3,
    "projectName": "AGEL Merchant",
    "spv": "AHEJ5L",
    "projectType": "Merchant",
    "plotLocation": "PSS-04",
    "capacity": 62.40000000000001,
    "planActual": "Rephase",
    "apr": 0,
    "may": 10.4,
    "jun": 0,
    "jul": 0,
    "aug": 0,
    "sep": 0,
    "oct": 0,
    "nov": 0,
    "dec": 0,
    "jan": 0,
    "feb": 0,
    "mar": 52,
    "totalCapacity": 62.4,
    "cummTillOct": 62.4,
    "q1": 62.4,
    "q2": 0,
    "q3": 0,
    "q4": 0,
    "category": "Khavda Wind",
    "section": "A",
    "includedInTotal": true,
    "isDeleted": false,
    "createdAt": "2026-01-08T12:26:16.229Z",
    "updatedAt": "2026-01-08T12:26:16.229Z"
  },
  {
    "id": 868,
    "fiscalYear": "FY_25-26",
    "sno": 4,
    "projectName": "AGEL Hybrid Merchant",
    "spv": "AGE26BL",
    "projectType": "Merchant",
    "plotLocation": "PSS-10",
    "capacity": 156,
    "planActual": "Plan",
    "apr": 104,
    "may": 0,
    "jun": 0,
    "jul": 0,
    "aug": 0,
    "sep": 0,
    "oct": 0,
    "nov": 0,
    "dec": 0,
    "jan": 0,
    "feb": 0,
    "mar": 52,
    "totalCapacity": 156,
    "cummTillOct": 156,
    "q1": 156,
    "q2": 0,
    "q3": 0,
    "q4": 0,
    "category": "Khavda Wind",
    "section": "A",
    "includedInTotal": true,
    "isDeleted": false,
    "createdAt": "2026-01-08T12:26:16.229Z",
    "updatedAt": "2026-01-08T12:26:16.229Z"
  },
  {
    "id": 870,
    "fiscalYear": "FY_25-26",
    "sno": 4,
    "projectName": "AGEL Hybrid Merchant",
    "spv": "AGE26BL",
    "projectType": "Merchant",
    "plotLocation": "PSS-10",
    "capacity": 156,
    "planActual": "Actual",
    "apr": 0,
    "may": 119.6,
    "jun": 26,
    "jul": 0,
    "aug": 0,
    "sep": 0,
    "oct": 0,
    "nov": 0,
    "dec": 0,
    "jan": 10.4,
    "feb": 0,
    "mar": 0,
    "totalCapacity": 156,
    "cummTillOct": 145.6,
    "q1": 119.6,
    "q2": 26,
    "q3": 0,
    "q4": 10.4,
    "category": "Khavda Wind",
    "section": "A",
    "includedInTotal": true,
    "isDeleted": false,
    "createdAt": "2026-01-08T12:26:16.229Z",
    "updatedAt": "2026-01-08T12:26:16.229Z"
  },
  {
    "id": 869,
    "fiscalYear": "FY_25-26",
    "sno": 4,
    "projectName": "AGEL Hybrid Merchant",
    "spv": "AGE26BL",
    "projectType": "Merchant",
    "plotLocation": "PSS-10",
    "capacity": 156,
    "planActual": "Rephase",
    "apr": 0,
    "may": 119.6,
    "jun": 26,
    "jul": 10.4,
    "aug": 0,
    "sep": 0,
    "oct": 0,
    "nov": 0,
    "dec": 0,
    "jan": 0,
    "feb": 0,
    "mar": 0,
    "totalCapacity": 156,
    "cummTillOct": 156,
    "q1": 119.6,
    "q2": 36.4,
    "q3": 0,
    "q4": 0,
    "category": "Khavda Wind",
    "section": "A",
    "includedInTotal": true,
    "isDeleted": false,
    "createdAt": "2026-01-08T12:26:16.229Z",
    "updatedAt": "2026-01-08T12:26:16.229Z"
  },
  {
    "id": 871,
    "fiscalYear": "FY_25-26",
    "sno": 6,
    "projectName": "AGEL Merchant",
    "spv": "ARE41L",
    "projectType": "Merchant",
    "plotLocation": "PSS-08",
    "capacity": 130,
    "planActual": "Plan",
    "apr": 36.4,
    "may": 93.60000000000001,
    "jun": 0,
    "jul": 0,
    "aug": 0,
    "sep": 0,
    "oct": 0,
    "nov": 0,
    "dec": 0,
    "jan": 0,
    "feb": 0,
    "mar": 0,
    "totalCapacity": 130,
    "cummTillOct": 130,
    "q1": 130,
    "q2": 0,
    "q3": 0,
    "q4": 0,
    "category": "Khavda Wind",
    "section": "A",
    "includedInTotal": true,
    "isDeleted": false,
    "createdAt": "2026-01-08T12:26:16.229Z",
    "updatedAt": "2026-01-08T12:26:16.229Z"
  },
  {
    "id": 872,
    "fiscalYear": "FY_25-26",
    "sno": 6,
    "projectName": "AGEL Merchant",
    "spv": "ARE41L",
    "projectType": "Merchant",
    "plotLocation": "PSS-08",
    "capacity": 130,
    "planActual": "Rephase",
    "apr": 0,
    "may": 0,
    "jun": 52,
    "jul": 26,
    "aug": 26,
    "sep": 26,
    "oct": 0,
    "nov": 0,
    "dec": 0,
    "jan": 0,
    "feb": 0,
    "mar": 0,
    "totalCapacity": 130,
    "cummTillOct": 130,
    "q1": 0,
    "q2": 104,
    "q3": 26,
    "q4": 0,
    "category": "Khavda Wind",
    "section": "A",
    "includedInTotal": true,
    "isDeleted": false,
    "createdAt": "2026-01-08T12:26:16.229Z",
    "updatedAt": "2026-01-08T12:26:16.229Z"
  },
  {
    "id": 873,
    "fiscalYear": "FY_25-26",
    "sno": 6,
    "projectName": "AGEL Merchant",
    "spv": "ARE41L",
    "projectType": "Merchant",
    "plotLocation": "PSS-08",
    "capacity": 130,
    "planActual": "Actual",
    "apr": 0,
    "may": 0,
    "jun": 0,
    "jul": 124.8,
    "aug": 0,
    "sep": 0,
    "oct": 5.2,
    "nov": 0,
    "dec": 0,
    "jan": 0,
    "feb": 0,
    "mar": 0,
    "totalCapacity": 130,
    "cummTillOct": 130,
    "q1": 0,
    "q2": 124.8,
    "q3": 5.2,
    "q4": 0,
    "category": "Khavda Wind",
    "section": "A",
    "includedInTotal": true,
    "isDeleted": false,
    "createdAt": "2026-01-08T12:26:16.229Z",
    "updatedAt": "2026-01-08T12:26:16.229Z"
  },
  {
    "id": 875,
    "fiscalYear": "FY_25-26",
    "sno": 7,
    "projectName": "Google Hybrid",
    "spv": "ARE3L",
    "projectType": "Merchant",
    "plotLocation": "PSS-08",
    "capacity": 15.6,
    "planActual": "Rephase",
    "apr": 0,
    "may": 0,
    "jun": 0,
    "jul": 15.6,
    "aug": 0,
    "sep": 0,
    "oct": 0,
    "nov": 0,
    "dec": 0,
    "jan": 0,
    "feb": 0,
    "mar": 0,
    "totalCapacity": 15.6,
    "cummTillOct": 15.6,
    "q1": 0,
    "q2": 15.6,
    "q3": 0,
    "q4": 0,
    "category": "Khavda Wind",
    "section": "A",
    "includedInTotal": true,
    "isDeleted": false,
    "createdAt": "2026-01-08T12:26:16.229Z",
    "updatedAt": "2026-01-08T12:26:16.229Z"
  },
  {
    "id": 876,
    "fiscalYear": "FY_25-26",
    "sno": 7,
    "projectName": "Google Hybrid",
    "spv": "ARE3L",
    "projectType": "Merchant",
    "plotLocation": "PSS-08",
    "capacity": 15.6,
    "planActual": "Actual",
    "apr": 0,
    "may": 0,
    "jun": 15.6,
    "jul": 0,
    "aug": 0,
    "sep": 0,
    "oct": 0,
    "nov": 0,
    "dec": 0,
    "jan": 0,
    "feb": 0,
    "mar": 0,
    "totalCapacity": 15.6,
    "cummTillOct": 15.6,
    "q1": 0,
    "q2": 15.6,
    "q3": 0,
    "q4": 0,
    "category": "Khavda Wind",
    "section": "A",
    "includedInTotal": true,
    "isDeleted": false,
    "createdAt": "2026-01-08T12:26:16.229Z",
    "updatedAt": "2026-01-08T12:26:16.229Z"
  },
  {
    "id": 874,
    "fiscalYear": "FY_25-26",
    "sno": 8,
    "projectName": "Google Hybrid",
    "spv": "ARE3L",
    "projectType": "Merchant",
    "plotLocation": "PSS-08",
    "capacity": 26,
    "planActual": "Plan",
    "apr": 0,
    "may": 26,
    "jun": 0,
    "jul": 0,
    "aug": 0,
    "sep": 0,
    "oct": 0,
    "nov": 0,
    "dec": 0,
    "jan": 0,
    "feb": 0,
    "mar": 0,
    "totalCapacity": 26,
    "cummTillOct": 26,
    "q1": 26,
    "q2": 0,
    "q3": 0,
    "q4": 0,
    "category": "Khavda Wind",
    "section": "A",
    "includedInTotal": true,
    "isDeleted": false,
    "createdAt": "2026-01-08T12:26:16.229Z",
    "updatedAt": "2026-01-08T12:26:16.229Z"
  },
  {
    "id": 879,
    "fiscalYear": "FY_25-26",
    "sno": 9,
    "projectName": "AGEL Hybrid Merchant",
    "spv": "ASEJ6PL",
    "projectType": "Merchant",
    "plotLocation": "PSS-08",
    "capacity": 62.40000000000001,
    "planActual": "Actual",
    "apr": 0,
    "may": 0,
    "jun": 0,
    "jul": 0,
    "aug": 0,
    "sep": 0,
    "oct": 0,
    "nov": 0,
    "dec": 31.2,
    "jan": 20.8,
    "feb": 10.4,
    "mar": 0,
    "totalCapacity": 62.4,
    "cummTillOct": 0,
    "q1": 0,
    "q2": 0,
    "q3": 0,
    "q4": 62.4,
    "category": "Khavda Wind",
    "section": "A",
    "includedInTotal": true,
    "isDeleted": false,
    "createdAt": "2026-01-08T12:26:16.229Z",
    "updatedAt": "2026-01-08T12:26:16.229Z"
  },
  {
    "id": 877,
    "fiscalYear": "FY_25-26",
    "sno": 9,
    "projectName": "AGEL Hybrid Merchant",
    "spv": "ASEJ6PL",
    "projectType": "Merchant",
    "plotLocation": "PSS-08",
    "capacity": 62.40000000000001,
    "planActual": "Plan",
    "apr": 0,
    "may": 41.6,
    "jun": 20.8,
    "jul": 0,
    "aug": 0,
    "sep": 0,
    "oct": 0,
    "nov": 0,
    "dec": 0,
    "jan": 0,
    "feb": 0,
    "mar": 0,
    "totalCapacity": 62.40000000000001,
    "cummTillOct": 62.40000000000001,
    "q1": 41.6,
    "q2": 20.8,
    "q3": 0,
    "q4": 0,
    "category": "Khavda Wind",
    "section": "A",
    "includedInTotal": true,
    "isDeleted": false,
    "createdAt": "2026-01-08T12:26:16.229Z",
    "updatedAt": "2026-01-08T12:26:16.229Z"
  },
  {
    "id": 878,
    "fiscalYear": "FY_25-26",
    "sno": 9,
    "projectName": "AGEL Hybrid Merchant",
    "spv": "ASEJ6PL",
    "projectType": "Merchant",
    "plotLocation": "PSS-08",
    "capacity": 62.40000000000001,
    "planActual": "Rephase",
    "apr": 0,
    "may": 0,
    "jun": 0,
    "jul": 0,
    "aug": 0,
    "sep": 62.40000000000001,
    "oct": 0,
    "nov": 0,
    "dec": 0,
    "jan": 0,
    "feb": 0,
    "mar": 0,
    "totalCapacity": 62.40000000000001,
    "cummTillOct": 62.40000000000001,
    "q1": 0,
    "q2": 0,
    "q3": 62.40000000000001,
    "q4": 0,
    "category": "Khavda Wind",
    "section": "A",
    "includedInTotal": true,
    "isDeleted": false,
    "createdAt": "2026-01-08T12:26:16.229Z",
    "updatedAt": "2026-01-08T12:26:16.229Z"
  },
  {
    "id": 882,
    "fiscalYear": "FY_25-26",
    "sno": 10,
    "projectName": "SECI H-3",
    "spv": "AHEJ5L",
    "projectType": "PPA",
    "plotLocation": "PSS-05",
    "capacity": 202.8,
    "planActual": "Actual",
    "apr": 0,
    "may": 0,
    "jun": 0,
    "jul": 0,
    "aug": 0,
    "sep": 78,
    "oct": 46.8,
    "nov": 57.2,
    "dec": 0,
    "jan": 0,
    "feb": 20.8,
    "mar": 0,
    "totalCapacity": 202.8,
    "cummTillOct": 124.8,
    "q1": 0,
    "q2": 0,
    "q3": 182,
    "q4": 20.8,
    "category": "Khavda Wind",
    "section": "A",
    "includedInTotal": true,
    "isDeleted": false,
    "createdAt": "2026-01-08T12:26:16.229Z",
    "updatedAt": "2026-01-08T12:26:16.229Z"
  },
  {
    "id": 881,
    "fiscalYear": "FY_25-26",
    "sno": 10,
    "projectName": "SECI H-3",
    "spv": "AHEJ5L",
    "projectType": "PPA",
    "plotLocation": "PSS-05",
    "capacity": 202.8,
    "planActual": "Rephase",
    "apr": 0,
    "may": 0,
    "jun": 0,
    "jul": 0,
    "aug": 0,
    "sep": 0,
    "oct": 104,
    "nov": 98.8,
    "dec": 0,
    "jan": 0,
    "feb": 0,
    "mar": 0,
    "totalCapacity": 202.8,
    "cummTillOct": 104,
    "q1": 0,
    "q2": 0,
    "q3": 202.8,
    "q4": 0,
    "category": "Khavda Wind",
    "section": "A",
    "includedInTotal": true,
    "isDeleted": false,
    "createdAt": "2026-01-08T12:26:16.229Z",
    "updatedAt": "2026-01-08T12:26:16.229Z"
  },
  {
    "id": 880,
    "fiscalYear": "FY_25-26",
    "sno": 10,
    "projectName": "SECI H-3",
    "spv": "AHEJ5L",
    "projectType": "PPA",
    "plotLocation": "PSS-05",
    "capacity": 202.8,
    "planActual": "Plan",
    "apr": 0,
    "may": 0,
    "jun": 72.8,
    "jul": 26,
    "aug": 26,
    "sep": 52,
    "oct": 26,
    "nov": 0,
    "dec": 0,
    "jan": 0,
    "feb": 0,
    "mar": 0,
    "totalCapacity": 202.8,
    "cummTillOct": 202.8,
    "q1": 0,
    "q2": 124.8,
    "q3": 78,
    "q4": 0,
    "category": "Khavda Wind",
    "section": "A",
    "includedInTotal": true,
    "isDeleted": false,
    "createdAt": "2026-01-08T12:26:16.229Z",
    "updatedAt": "2026-01-08T12:26:16.229Z"
  },
  {
    "id": 883,
    "fiscalYear": "FY_25-26",
    "sno": 11,
    "projectName": "AGEL Merchant",
    "spv": "AGE25CL",
    "projectType": "Merchant",
    "plotLocation": "PSS-11",
    "capacity": 156,
    "planActual": "Plan",
    "apr": 0,
    "may": 0,
    "jun": 0,
    "jul": 0,
    "aug": 0,
    "sep": 0,
    "oct": 104,
    "nov": 52,
    "dec": 0,
    "jan": 0,
    "feb": 0,
    "mar": 0,
    "totalCapacity": 156,
    "cummTillOct": 104,
    "q1": 0,
    "q2": 0,
    "q3": 156,
    "q4": 0,
    "category": "Khavda Wind",
    "section": "A",
    "includedInTotal": true,
    "isDeleted": false,
    "createdAt": "2026-01-08T12:26:16.229Z",
    "updatedAt": "2026-01-08T12:26:16.229Z"
  },
  {
    "id": 884,
    "fiscalYear": "FY_25-26",
    "sno": 11,
    "projectName": "AGEL Merchant",
    "spv": "AGE25CL",
    "projectType": "Merchant",
    "plotLocation": "PSS-11",
    "capacity": 156,
    "planActual": "Rephase",
    "apr": 0,
    "may": 0,
    "jun": 0,
    "jul": 0,
    "aug": 0,
    "sep": 0,
    "oct": 0,
    "nov": 0,
    "dec": 104,
    "jan": 52,
    "feb": 0,
    "mar": 0,
    "totalCapacity": 156,
    "cummTillOct": 0,
    "q1": 0,
    "q2": 0,
    "q3": 0,
    "q4": 156,
    "category": "Khavda Wind",
    "section": "A",
    "includedInTotal": true,
    "isDeleted": false,
    "createdAt": "2026-01-08T12:26:16.229Z",
    "updatedAt": "2026-01-08T12:26:16.229Z"
  },
  {
    "id": 885,
    "fiscalYear": "FY_25-26",
    "sno": 11,
    "projectName": "AGEL Merchant",
    "spv": "AGE25CL",
    "projectType": "Merchant",
    "plotLocation": "PSS-11",
    "capacity": 156,
    "planActual": "Actual",
    "apr": 0,
    "may": 0,
    "jun": 0,
    "jul": 0,
    "aug": 0,
    "sep": 0,
    "oct": 0,
    "nov": 0,
    "dec": 78,
    "jan": 62.40000000000001,
    "feb": 15.6,
    "mar": 0,
    "totalCapacity": 156,
    "cummTillOct": 0,
    "q1": 0,
    "q2": 0,
    "q3": 0,
    "q4": 156,
    "category": "Khavda Wind",
    "section": "A",
    "includedInTotal": true,
    "isDeleted": false,
    "createdAt": "2026-01-08T12:26:16.229Z",
    "updatedAt": "2026-01-08T12:26:16.229Z"
  },
  {
    "id": 886,
    "fiscalYear": "FY_25-26",
    "sno": 12,
    "projectName": "AGEL Merchant",
    "spv": "AGE26AL",
    "projectType": "Merchant",
    "plotLocation": "PSS-12",
    "capacity": 140.4,
    "planActual": "Plan",
    "apr": 0,
    "may": 0,
    "jun": 0,
    "jul": 0,
    "aug": 0,
    "sep": 0,
    "oct": 0,
    "nov": 78,
    "dec": 62.40000000000001,
    "jan": 0,
    "feb": 0,
    "mar": 0,
    "totalCapacity": 140.4,
    "cummTillOct": 0,
    "q1": 0,
    "q2": 0,
    "q3": 78,
    "q4": 62.40000000000001,
    "category": "Khavda Wind",
    "section": "A",
    "includedInTotal": true,
    "isDeleted": false,
    "createdAt": "2026-01-08T12:26:16.229Z",
    "updatedAt": "2026-01-08T12:26:16.229Z"
  },
  {
    "id": 887,
    "fiscalYear": "FY_25-26",
    "sno": 12,
    "projectName": "AGEL Merchant",
    "spv": "AGE26AL",
    "projectType": "Merchant",
    "plotLocation": "PSS-12",
    "capacity": 140.4,
    "planActual": "Rephase",
    "apr": 0,
    "may": 0,
    "jun": 0,
    "jul": 0,
    "aug": 0,
    "sep": 0,
    "oct": 0,
    "nov": 0,
    "dec": 0,
    "jan": 78,
    "feb": 62.40000000000001,
    "mar": 0,
    "totalCapacity": 140.4,
    "cummTillOct": 0,
    "q1": 0,
    "q2": 0,
    "q3": 0,
    "q4": 140.4,
    "category": "Khavda Wind",
    "section": "A",
    "includedInTotal": true,
    "isDeleted": false,
    "createdAt": "2026-01-08T12:26:16.229Z",
    "updatedAt": "2026-01-08T12:26:16.229Z"
  },
  {
    "id": 888,
    "fiscalYear": "FY_25-26",
    "sno": 12,
    "projectName": "AGEL Merchant",
    "spv": "AGE26AL",
    "projectType": "Merchant",
    "plotLocation": "PSS-12",
    "capacity": 140.4,
    "planActual": "Actual",
    "apr": 0,
    "may": 0,
    "jun": 0,
    "jul": 0,
    "aug": 0,
    "sep": 0,
    "oct": 0,
    "nov": 0,
    "dec": 0,
    "jan": 78,
    "feb": 62.40000000000001,
    "mar": 0,
    "totalCapacity": 140.4,
    "cummTillOct": 0,
    "q1": 0,
    "q2": 0,
    "q3": 0,
    "q4": 140.4,
    "category": "Khavda Wind",
    "section": "A",
    "includedInTotal": true,
    "isDeleted": false,
    "createdAt": "2026-01-08T12:26:16.229Z",
    "updatedAt": "2026-01-08T12:26:16.229Z"
  },
  {
    "id": 889,
    "fiscalYear": "FY_25-26",
    "sno": 11,
    "projectName": "AGEL Merchant",
    "spv": "AGE25CL",
    "projectType": "Merchant",
    "plotLocation": "PSS-11(32.2 MW)\r\nPSS-14(67.6 MW)",
    "capacity": 98.8,
    "planActual": "Plan",
    "apr": 0,
    "may": 0,
    "jun": 0,
    "jul": 0,
    "aug": 0,
    "sep": 0,
    "oct": 0,
    "nov": 0,
    "dec": 98.80000000000001,
    "jan": 0,
    "feb": 0,
    "mar": 0,
    "totalCapacity": 98.80000000000001,
    "cummTillOct": 0,
    "q1": 0,
    "q2": 0,
    "q3": 0,
    "q4": 98.80000000000001,
    "category": "Khavda Wind Internal 421MW",
    "section": "B",
    "includedInTotal": false,
    "isDeleted": false,
    "createdAt": "2026-01-08T12:26:16.229Z",
    "updatedAt": "2026-01-08T12:26:16.229Z"
  },
  {
    "id": 890,
    "fiscalYear": "FY_25-26",
    "sno": 11,
    "projectName": "AGEL Merchant",
    "spv": "AGE25CL",
    "projectType": "Merchant",
    "plotLocation": "PSS-11(32.2 MW)\r\nPSS-14(67.6 MW)",
    "capacity": 98.8,
    "planActual": "Rephase",
    "apr": 0,
    "may": 0,
    "jun": 0,
    "jul": 0,
    "aug": 0,
    "sep": 0,
    "oct": 0,
    "nov": 0,
    "dec": 98.80000000000001,
    "jan": 0,
    "feb": 0,
    "mar": 0,
    "totalCapacity": 98.80000000000001,
    "cummTillOct": 0,
    "q1": 0,
    "q2": 0,
    "q3": 0,
    "q4": 98.80000000000001,
    "category": "Khavda Wind Internal 421MW",
    "section": "B",
    "includedInTotal": false,
    "isDeleted": false,
    "createdAt": "2026-01-08T12:26:16.229Z",
    "updatedAt": "2026-01-08T12:26:16.229Z"
  },
  {
    "id": 891,
    "fiscalYear": "FY_25-26",
    "sno": 11,
    "projectName": "AGEL Merchant",
    "spv": "AGE25CL",
    "projectType": "Merchant",
    "plotLocation": "PSS-11(32.2 MW)\r\nPSS-14(67.6 MW)",
    "capacity": 98.8,
    "planActual": "Actual",
    "apr": 0,
    "may": 0,
    "jun": 0,
    "jul": 0,
    "aug": 0,
    "sep": 0,
    "oct": 0,
    "nov": 0,
    "dec": 10.4,
    "jan": 15.6,
    "feb": 72.80000000000001,
    "mar": 0,
    "totalCapacity": 98.80000000000001,
    "cummTillOct": 0,
    "q1": 0,
    "q2": 0,
    "q3": 0,
    "q4": 98.80000000000001,
    "category": "Khavda Wind Internal 421MW",
    "section": "B",
    "includedInTotal": false,
    "isDeleted": false,
    "createdAt": "2026-01-08T12:26:16.229Z",
    "updatedAt": "2026-01-08T12:26:16.229Z"
  },
  {
    "id": 894,
    "fiscalYear": "FY_25-26",
    "sno": 12,
    "projectName": "AGEL Merchant",
    "spv": "AGE26AL",
    "projectType": "Merchant",
    "plotLocation": "PSS-14",
    "capacity": 312,
    "planActual": "Actual",
    "apr": 0,
    "may": 0,
    "jun": 0,
    "jul": 0,
    "aug": 0,
    "sep": 0,
    "oct": 0,
    "nov": 0,
    "dec": 36.4,
    "jan": 135.2,
    "feb": 140.4,
    "mar": 0,
    "totalCapacity": 312,
    "cummTillOct": 0,
    "q1": 0,
    "q2": 0,
    "q3": 0,
    "q4": 312,
    "category": "Khavda Wind Internal 421MW",
    "section": "B",
    "includedInTotal": false,
    "isDeleted": false,
    "createdAt": "2026-01-08T12:26:16.229Z",
    "updatedAt": "2026-01-08T12:26:16.229Z"
  },
  {
    "id": 893,
    "fiscalYear": "FY_25-26",
    "sno": 12,
    "projectName": "AGEL Merchant",
    "spv": "AGE26AL",
    "projectType": "Merchant",
    "plotLocation": "PSS-14",
    "capacity": 312,
    "planActual": "Rephase",
    "apr": 0,
    "may": 0,
    "jun": 0,
    "jul": 0,
    "aug": 0,
    "sep": 0,
    "oct": 0,
    "nov": 0,
    "dec": 41.6,
    "jan": 156,
    "feb": 114.4,
    "mar": 0,
    "totalCapacity": 312,
    "cummTillOct": 0,
    "q1": 0,
    "q2": 0,
    "q3": 0,
    "q4": 312,
    "category": "Khavda Wind Internal 421MW",
    "section": "B",
    "includedInTotal": false,
    "isDeleted": false,
    "createdAt": "2026-01-08T12:26:16.229Z",
    "updatedAt": "2026-01-08T12:26:16.229Z"
  },
  {
    "id": 892,
    "fiscalYear": "FY_25-26",
    "sno": 12,
    "projectName": "AGEL Merchant",
    "spv": "AGE26AL",
    "projectType": "Merchant",
    "plotLocation": "PSS-14",
    "capacity": 312,
    "planActual": "Plan",
    "apr": 0,
    "may": 0,
    "jun": 0,
    "jul": 0,
    "aug": 0,
    "sep": 0,
    "oct": 0,
    "nov": 0,
    "dec": 41.6,
    "jan": 156,
    "feb": 114.4,
    "mar": 0,
    "totalCapacity": 312,
    "cummTillOct": 0,
    "q1": 0,
    "q2": 0,
    "q3": 0,
    "q4": 312,
    "category": "Khavda Wind Internal 421MW",
    "section": "B",
    "includedInTotal": false,
    "isDeleted": false,
    "createdAt": "2026-01-08T12:26:16.229Z",
    "updatedAt": "2026-01-08T12:26:16.229Z"
  },
  {
    "id": 896,
    "fiscalYear": "FY_25-26",
    "sno": 13,
    "projectName": "AGEL Merchant",
    "spv": "AGE25BL",
    "projectType": "Merchant",
    "plotLocation": "PSS-09",
    "capacity": 10.4,
    "planActual": "Rephase",
    "apr": 0,
    "may": 0,
    "jun": 0,
    "jul": 0,
    "aug": 0,
    "sep": 0,
    "oct": 0,
    "nov": 10.4,
    "dec": 0,
    "jan": 0,
    "feb": 0,
    "mar": 0,
    "totalCapacity": 10.4,
    "cummTillOct": 0,
    "q1": 0,
    "q2": 0,
    "q3": 10.4,
    "q4": 0,
    "category": "Khavda Wind Internal 421MW",
    "section": "B",
    "includedInTotal": false,
    "isDeleted": false,
    "createdAt": "2026-01-08T12:26:16.229Z",
    "updatedAt": "2026-01-08T12:26:16.229Z"
  },
  {
    "id": 895,
    "fiscalYear": "FY_25-26",
    "sno": 13,
    "projectName": "AGEL Merchant",
    "spv": "AGE25BL",
    "projectType": "Merchant",
    "plotLocation": "PSS-09",
    "capacity": 10.4,
    "planActual": "Plan",
    "apr": 0,
    "may": 0,
    "jun": 0,
    "jul": 0,
    "aug": 0,
    "sep": 0,
    "oct": 0,
    "nov": 10.4,
    "dec": 0,
    "jan": 0,
    "feb": 0,
    "mar": 0,
    "totalCapacity": 10.4,
    "cummTillOct": 0,
    "q1": 0,
    "q2": 0,
    "q3": 10.4,
    "q4": 0,
    "category": "Khavda Wind Internal 421MW",
    "section": "B",
    "includedInTotal": false,
    "isDeleted": false,
    "createdAt": "2026-01-08T12:26:16.229Z",
    "updatedAt": "2026-01-08T12:26:16.229Z"
  },
  {
    "id": 897,
    "fiscalYear": "FY_25-26",
    "sno": 13,
    "projectName": "AGEL Merchant",
    "spv": "AGE25BL",
    "projectType": "Merchant",
    "plotLocation": "PSS-09",
    "capacity": 10.4,
    "planActual": "Actual",
    "apr": 0,
    "may": 0,
    "jun": 0,
    "jul": 0,
    "aug": 0,
    "sep": 0,
    "oct": 0,
    "nov": 0,
    "dec": 10.4,
    "jan": 0,
    "feb": 0,
    "mar": 0,
    "totalCapacity": 10.4,
    "cummTillOct": 0,
    "q1": 0,
    "q2": 0,
    "q3": 0,
    "q4": 10.4,
    "category": "Khavda Wind Internal 421MW",
    "section": "B",
    "includedInTotal": false,
    "isDeleted": false,
    "createdAt": "2026-01-08T12:26:16.229Z",
    "updatedAt": "2026-01-08T12:26:16.229Z"
  },
  {
    "id": 898,
    "fiscalYear": "FY_25-26",
    "sno": 1,
    "projectName": "Merchant-Wind",
    "spv": "AWEK3L",
    "projectType": "Merchant",
    "plotLocation": "Mundra North",
    "capacity": 75.89999999999999,
    "planActual": "Plan",
    "apr": null,
    "may": null,
    "jun": null,
    "jul": null,
    "aug": null,
    "sep": null,
    "oct": null,
    "nov": null,
    "dec": null,
    "jan": null,
    "feb": 75.89999999999999,
    "mar": null,
    "totalCapacity": 75.89999999999999,
    "cummTillOct": 0,
    "q1": 0,
    "q2": 0,
    "q3": 0,
    "q4": 75.89999999999999,
    "category": "Mundra Wind 76MW",
    "section": "C",
    "includedInTotal": true,
    "isDeleted": false,
    "createdAt": "2026-01-08T12:26:16.229Z",
    "updatedAt": "2026-01-08T12:26:16.229Z"
  },
  {
    "id": 900,
    "fiscalYear": "FY_25-26",
    "sno": 1,
    "projectName": "Merchant-Wind",
    "spv": "AWEK3L",
    "projectType": "Merchant",
    "plotLocation": "Mundra North",
    "capacity": 75.89999999999999,
    "planActual": "Actual",
    "apr": 0,
    "may": 0,
    "jun": 0,
    "jul": 0,
    "aug": 0,
    "sep": 0,
    "oct": 0,
    "nov": 0,
    "dec": 0,
    "jan": 0,
    "feb": 75.89999999999999,
    "mar": 0,
    "totalCapacity": 75.89999999999999,
    "cummTillOct": 0,
    "q1": 0,
    "q2": 0,
    "q3": 0,
    "q4": 75.89999999999999,
    "category": "Mundra Wind 76MW",
    "section": "C",
    "includedInTotal": true,
    "isDeleted": false,
    "createdAt": "2026-01-08T12:26:16.229Z",
    "updatedAt": "2026-01-08T12:26:16.229Z"
  },
  {
    "id": 899,
    "fiscalYear": "FY_25-26",
    "sno": 1,
    "projectName": "Merchant-Wind",
    "spv": "AWEK3L",
    "projectType": "Merchant",
    "plotLocation": "Mundra North",
    "capacity": 75.89999999999999,
    "planActual": "Rephase",
    "apr": 0,
    "may": 0,
    "jun": 0,
    "jul": 0,
    "aug": 0,
    "sep": 0,
    "oct": 0,
    "nov": 0,
    "dec": 0,
    "jan": 0,
    "feb": 75.89999999999999,
    "mar": 0,
    "totalCapacity": 75.89999999999999,
    "cummTillOct": 0,
    "q1": 0,
    "q2": 0,
    "q3": 0,
    "q4": 75.89999999999999,
    "category": "Mundra Wind 76MW",
    "section": "C",
    "includedInTotal": true,
    "isDeleted": false,
    "createdAt": "2026-01-08T12:26:16.229Z",
    "updatedAt": "2026-01-08T12:26:16.229Z"
  },
  {
    "id": 902,
    "fiscalYear": "FY_25-26",
    "sno": 1,
    "projectName": "Merchant-Wind",
    "spv": "AWEK3L",
    "projectType": "Merchant",
    "plotLocation": "Mundra North",
    "capacity": 247.5,
    "planActual": "Rephase",
    "apr": 313.5,
    "may": 798.7,
    "jun": 425.5,
    "jul": 503,
    "aug": 353,
    "sep": 366.5,
    "oct": 458.5,
    "nov": 248.8,
    "dec": 721,
    "jan": 630,
    "feb": 320.4,
    "mar": 474,
    "totalCapacity": null,
    "cummTillOct": null,
    "q1": null,
    "q2": null,
    "q3": null,
    "q4": null,
    "category": "Mundra Wind Internal 224.4MW",
    "section": "D",
    "includedInTotal": false,
    "isDeleted": false,
    "createdAt": "2026-01-08T12:26:16.229Z",
    "updatedAt": "2026-01-08T12:26:16.229Z"
  },
  {
    "id": 901,
    "fiscalYear": "FY_25-26",
    "sno": 1,
    "projectName": "Merchant-Wind",
    "spv": "AWEK3L",
    "projectType": "Merchant",
    "plotLocation": "Mundra North",
    "capacity": 247.5,
    "planActual": "Plan",
    "apr": 0,
    "may": 350,
    "jun": 0,
    "jul": 0,
    "aug": 0,
    "sep": 0,
    "oct": 250,
    "nov": 484,
    "dec": 300,
    "jan": 0,
    "feb": 75.89999999999999,
    "mar": 0,
    "totalCapacity": null,
    "cummTillOct": null,
    "q1": null,
    "q2": null,
    "q3": null,
    "q4": null,
    "category": "Mundra Wind Internal 224.4MW",
    "section": "D",
    "includedInTotal": false,
    "isDeleted": false,
    "createdAt": "2026-01-08T12:26:16.229Z",
    "updatedAt": "2026-01-08T12:26:16.229Z"
  },
  {
    "id": 903,
    "fiscalYear": "FY_25-26",
    "sno": 1,
    "projectName": "Merchant-Wind",
    "spv": "AWEK3L",
    "projectType": "Merchant",
    "plotLocation": "Mundra North",
    "capacity": 247.5,
    "planActual": "Actual",
    "apr": 313.5,
    "may": 798.7,
    "jun": 127.6,
    "jul": 387.3,
    "aug": 531.2,
    "sep": 203,
    "oct": 370,
    "nov": 818,
    "dec": 972,
    "jan": 388,
    "feb": 267,
    "mar": 474,
    "totalCapacity": null,
    "cummTillOct": null,
    "q1": null,
    "q2": null,
    "q3": null,
    "q4": null,
    "category": "Mundra Wind Internal 224.4MW",
    "section": "D",
    "includedInTotal": false,
    "isDeleted": false,
    "createdAt": "2026-01-08T12:26:16.229Z",
    "updatedAt": "2026-01-08T12:26:16.229Z"
  },
  {
    "id": 830,
    "fiscalYear": "FY_25-26",
    "sno": 1,
    "projectName": "Cement  RJ",
    "spv": "ACL",
    "projectType": "Group",
    "plotLocation": "Essel park",
    "capacity": 300,
    "planActual": "Rephase",
    "apr": 0,
    "may": 0,
    "jun": 150,
    "jul": 150,
    "aug": 0,
    "sep": 0,
    "oct": 0,
    "nov": 0,
    "dec": 0,
    "jan": 0,
    "feb": 0,
    "mar": 0,
    "totalCapacity": 300,
    "cummTillOct": 300,
    "q1": 0,
    "q2": 300,
    "q3": 0,
    "q4": 0,
    "category": "Rajasthan Solar",
    "section": "B",
    "includedInTotal": true,
    "isDeleted": false,
    "createdAt": "2026-01-08T12:26:16.229Z",
    "updatedAt": "2026-01-08T12:26:16.229Z"
  },
  {
    "id": 831,
    "fiscalYear": "FY_25-26",
    "sno": 1,
    "projectName": "Cement  RJ",
    "spv": "ACL",
    "projectType": "Group",
    "plotLocation": "Essel park",
    "capacity": 300,
    "planActual": "Actual",
    "apr": 0,
    "may": 0,
    "jun": 0,
    "jul": 150,
    "aug": 0,
    "sep": 0,
    "oct": 0,
    "nov": 150,
    "dec": 0,
    "jan": 0,
    "feb": 0,
    "mar": 0,
    "totalCapacity": 300,
    "cummTillOct": 150,
    "q1": 0,
    "q2": 150,
    "q3": 150,
    "q4": 0,
    "category": "Rajasthan Solar",
    "section": "B",
    "includedInTotal": true,
    "isDeleted": false,
    "createdAt": "2026-01-08T12:26:16.229Z",
    "updatedAt": "2026-01-08T12:26:16.229Z"
  },
  {
    "id": 829,
    "fiscalYear": "FY_25-26",
    "sno": 1,
    "projectName": "Cement  RJ",
    "spv": "ACL",
    "projectType": "Group",
    "plotLocation": "Essel park",
    "capacity": 300,
    "planActual": "Plan",
    "apr": 0,
    "may": 300,
    "jun": 0,
    "jul": 0,
    "aug": 0,
    "sep": 0,
    "oct": 0,
    "nov": 0,
    "dec": 0,
    "jan": 0,
    "feb": 0,
    "mar": 0,
    "totalCapacity": 300,
    "cummTillOct": 300,
    "q1": 300,
    "q2": 0,
    "q3": 0,
    "q4": 0,
    "category": "Rajasthan Solar",
    "section": "B",
    "includedInTotal": true,
    "isDeleted": false,
    "createdAt": "2026-01-08T12:26:16.229Z",
    "updatedAt": "2026-01-08T12:26:16.229Z"
  },
  {
    "id": 832,
    "fiscalYear": "FY_25-26",
    "sno": 2,
    "projectName": "Merchant",
    "spv": "ASEJ6PL",
    "projectType": "Merchant",
    "plotLocation": "Bap",
    "capacity": 50,
    "planActual": "Plan",
    "apr": 0,
    "may": 50,
    "jun": 0,
    "jul": 0,
    "aug": 0,
    "sep": 0,
    "oct": 0,
    "nov": 0,
    "dec": 0,
    "jan": 0,
    "feb": 0,
    "mar": 0,
    "totalCapacity": 50,
    "cummTillOct": 50,
    "q1": 50,
    "q2": 0,
    "q3": 0,
    "q4": 0,
    "category": "Rajasthan Solar",
    "section": "B",
    "includedInTotal": true,
    "isDeleted": false,
    "createdAt": "2026-01-08T12:26:16.229Z",
    "updatedAt": "2026-01-08T12:26:16.229Z"
  },
  {
    "id": 834,
    "fiscalYear": "FY_25-26",
    "sno": 2,
    "projectName": "Merchant",
    "spv": "ASEJ6PL",
    "projectType": "Merchant",
    "plotLocation": "Bap",
    "capacity": 50,
    "planActual": "Actual",
    "apr": 0,
    "may": 50,
    "jun": 0,
    "jul": 0,
    "aug": 0,
    "sep": 0,
    "oct": 0,
    "nov": 0,
    "dec": 0,
    "jan": 0,
    "feb": 0,
    "mar": 0,
    "totalCapacity": 50,
    "cummTillOct": 50,
    "q1": 50,
    "q2": 0,
    "q3": 0,
    "q4": 0,
    "category": "Rajasthan Solar",
    "section": "B",
    "includedInTotal": true,
    "isDeleted": false,
    "createdAt": "2026-01-08T12:26:16.229Z",
    "updatedAt": "2026-01-08T12:26:16.229Z"
  },
  {
    "id": 833,
    "fiscalYear": "FY_25-26",
    "sno": 2,
    "projectName": "Merchant",
    "spv": "ASEJ6PL",
    "projectType": "Merchant",
    "plotLocation": "Bap",
    "capacity": 50,
    "planActual": "Rephase",
    "apr": 0,
    "may": 50,
    "jun": 0,
    "jul": 0,
    "aug": 0,
    "sep": 0,
    "oct": 0,
    "nov": 0,
    "dec": 0,
    "jan": 0,
    "feb": 0,
    "mar": 0,
    "totalCapacity": 50,
    "cummTillOct": 50,
    "q1": 50,
    "q2": 0,
    "q3": 0,
    "q4": 0,
    "category": "Rajasthan Solar",
    "section": "B",
    "includedInTotal": true,
    "isDeleted": false,
    "createdAt": "2026-01-08T12:26:16.229Z",
    "updatedAt": "2026-01-08T12:26:16.229Z"
  },
  {
    "id": 835,
    "fiscalYear": "FY_25-26",
    "sno": 3,
    "projectName": "MLP AP New",
    "spv": "AGE26BL",
    "projectType": "PPA",
    "plotLocation": "Bandha",
    "capacity": 534,
    "planActual": "Plan",
    "apr": 0,
    "may": 0,
    "jun": 0,
    "jul": 0,
    "aug": 0,
    "sep": 0,
    "oct": 250,
    "nov": 284,
    "dec": 0,
    "jan": 0,
    "feb": 0,
    "mar": 0,
    "totalCapacity": 534,
    "cummTillOct": 250,
    "q1": 0,
    "q2": 0,
    "q3": 534,
    "q4": 0,
    "category": "Rajasthan Solar",
    "section": "B",
    "includedInTotal": true,
    "isDeleted": false,
    "createdAt": "2026-01-08T12:26:16.229Z",
    "updatedAt": "2026-01-08T12:26:16.229Z"
  },
  {
    "id": 836,
    "fiscalYear": "FY_25-26",
    "sno": 3,
    "projectName": "MLP AP New",
    "spv": "AGE26BL",
    "projectType": "PPA",
    "plotLocation": "Bandha",
    "capacity": 534,
    "planActual": "Rephase",
    "apr": 0,
    "may": 0,
    "jun": 0,
    "jul": 0,
    "aug": 0,
    "sep": 0,
    "oct": 0,
    "nov": 534,
    "dec": 0,
    "jan": 0,
    "feb": 0,
    "mar": 0,
    "totalCapacity": 534,
    "cummTillOct": 0,
    "q1": 0,
    "q2": 0,
    "q3": 534,
    "q4": 0,
    "category": "Rajasthan Solar",
    "section": "B",
    "includedInTotal": true,
    "isDeleted": false,
    "createdAt": "2026-01-08T12:26:16.229Z",
    "updatedAt": "2026-01-08T12:26:16.229Z"
  },
  {
    "id": 837,
    "fiscalYear": "FY_25-26",
    "sno": 3,
    "projectName": "MLP AP New",
    "spv": "AGE26BL",
    "projectType": "PPA",
    "plotLocation": "Bandha",
    "capacity": 534,
    "planActual": "Actual",
    "apr": 0,
    "may": 0,
    "jun": 0,
    "jul": 0,
    "aug": 0,
    "sep": 0,
    "oct": 0,
    "nov": 0,
    "dec": 0,
    "jan": 0,
    "feb": 0,
    "mar": 0,
    "totalCapacity": 0,
    "cummTillOct": 0,
    "q1": 0,
    "q2": 0,
    "q3": 0,
    "q4": 0,
    "category": "Rajasthan Solar",
    "section": "B",
    "includedInTotal": true,
    "isDeleted": false,
    "createdAt": "2026-01-08T12:26:16.229Z",
    "updatedAt": "2026-01-08T12:26:16.229Z"
  },
  {
    "id": 840,
    "fiscalYear": "FY_25-26",
    "sno": 4,
    "projectName": "MLP T1",
    "spv": "AGE25BL",
    "projectType": "PPA",
    "plotLocation": "Bandha",
    "capacity": 500,
    "planActual": "Actual",
    "apr": 0,
    "may": 0,
    "jun": 0,
    "jul": 0,
    "aug": 0,
    "sep": 0,
    "oct": 0,
    "nov": 0,
    "dec": 0,
    "jan": 0,
    "feb": 250,
    "mar": 0,
    "totalCapacity": 250,
    "cummTillOct": 0,
    "q1": 0,
    "q2": 0,
    "q3": 0,
    "q4": 250,
    "category": "Rajasthan Solar",
    "section": "B",
    "includedInTotal": true,
    "isDeleted": false,
    "createdAt": "2026-01-08T12:26:16.229Z",
    "updatedAt": "2026-01-08T12:26:16.229Z"
  },
  {
    "id": 839,
    "fiscalYear": "FY_25-26",
    "sno": 4,
    "projectName": "MLP T1",
    "spv": "AGE25BL",
    "projectType": "PPA",
    "plotLocation": "Bandha",
    "capacity": 500,
    "planActual": "Rephase",
    "apr": 0,
    "may": 0,
    "jun": 0,
    "jul": 0,
    "aug": 0,
    "sep": 0,
    "oct": 0,
    "nov": 0,
    "dec": 250,
    "jan": 250,
    "feb": 0,
    "mar": 0,
    "totalCapacity": 500,
    "cummTillOct": 0,
    "q1": 0,
    "q2": 0,
    "q3": 0,
    "q4": 500,
    "category": "Rajasthan Solar",
    "section": "B",
    "includedInTotal": true,
    "isDeleted": false,
    "createdAt": "2026-01-08T12:26:16.229Z",
    "updatedAt": "2026-01-08T12:26:16.229Z"
  },
  {
    "id": 838,
    "fiscalYear": "FY_25-26",
    "sno": 4,
    "projectName": "MLP T1",
    "spv": "AGE25BL",
    "projectType": "PPA",
    "plotLocation": "Bandha",
    "capacity": 500,
    "planActual": "Plan",
    "apr": 0,
    "may": 0,
    "jun": 0,
    "jul": 0,
    "aug": 0,
    "sep": 0,
    "oct": 0,
    "nov": 200,
    "dec": 300,
    "jan": 0,
    "feb": 0,
    "mar": 0,
    "totalCapacity": 500,
    "cummTillOct": 0,
    "q1": 0,
    "q2": 0,
    "q3": 200,
    "q4": 300,
    "category": "Rajasthan Solar",
    "section": "B",
    "includedInTotal": true,
    "isDeleted": false,
    "createdAt": "2026-01-08T12:26:16.229Z",
    "updatedAt": "2026-01-08T12:26:16.229Z"
  },
  {
    "id": 841,
    "fiscalYear": "FY_25-26",
    "sno": 3,
    "projectName": "NHPC BOO",
    "spv": "ASEB1PL",
    "projectType": "PPA",
    "plotLocation": "Baiya",
    "capacity": 600,
    "planActual": "Plan",
    "apr": 0,
    "may": 0,
    "jun": 0,
    "jul": 0,
    "aug": 0,
    "sep": 0,
    "oct": 0,
    "nov": 0,
    "dec": 0,
    "jan": 0,
    "feb": 0,
    "mar": 0,
    "totalCapacity": 0,
    "cummTillOct": 0,
    "q1": 0,
    "q2": 0,
    "q3": 0,
    "q4": 0,
    "category": "Rajasthan Solar Additional 500MW",
    "section": "C",
    "includedInTotal": true,
    "isDeleted": false,
    "createdAt": "2026-01-08T12:26:16.229Z",
    "updatedAt": "2026-01-08T12:26:16.229Z"
  },
  {
    "id": 842,
    "fiscalYear": "FY_25-26",
    "sno": 3,
    "projectName": "NHPC BOO",
    "spv": "ASEB1PL",
    "projectType": "PPA",
    "plotLocation": "Baiya",
    "capacity": 600,
    "planActual": "Rephase",
    "apr": 0,
    "may": 0,
    "jun": 0,
    "jul": 0,
    "aug": 0,
    "sep": 0,
    "oct": 0,
    "nov": 0,
    "dec": 0,
    "jan": 0,
    "feb": 0,
    "mar": 0,
    "totalCapacity": 0,
    "cummTillOct": 0,
    "q1": 0,
    "q2": 0,
    "q3": 0,
    "q4": 0,
    "category": "Rajasthan Solar Additional 500MW",
    "section": "C",
    "includedInTotal": true,
    "isDeleted": false,
    "createdAt": "2026-01-08T12:26:16.229Z",
    "updatedAt": "2026-01-08T12:26:16.229Z"
  },
  {
    "id": 843,
    "fiscalYear": "FY_25-26",
    "sno": 3,
    "projectName": "NHPC BOO",
    "spv": "ASEB1PL",
    "projectType": "PPA",
    "plotLocation": "Baiya",
    "capacity": 600,
    "planActual": "Actual",
    "apr": 0,
    "may": 0,
    "jun": 0,
    "jul": 0,
    "aug": 0,
    "sep": 0,
    "oct": 0,
    "nov": 0,
    "dec": 0,
    "jan": 0,
    "feb": 300,
    "mar": 0,
    "totalCapacity": 300,
    "cummTillOct": 0,
    "q1": 0,
    "q2": 0,
    "q3": 0,
    "q4": 300,
    "category": "Rajasthan Solar Additional 500MW",
    "section": "C",
    "includedInTotal": true,
    "isDeleted": false,
    "createdAt": "2026-01-08T12:26:16.229Z",
    "updatedAt": "2026-01-08T12:26:16.229Z"
  }
]